first_deriv_682.0,lat_norm,first_deriv_555.0,first_deriv_563.0,first_deriv_542.0,first_deriv_560.0,first_deriv_565.0,Rrs_686.0,first_deriv_558.0,first_deriv_532.0,first_deriv_692.0,Rrs_684.0,Rrs_682.0,first_deriv_699.0,first_deriv_694.0,Rrs_692.0,first_deriv_545.0,first_deriv_691.0,first_deriv_693.0,Rrs_683.0,dist_from_center,Rrs_681.0,first_deriv_568.0,first_deriv_707.0,second_deriv_653.0,first_deriv_702.0,first_deriv_701.0,second_deriv_671.0,Rrs_717.0,Rrs_691.0,second_deriv_487.0,second_deriv_565.0,second_deriv_515.0,first_deriv_703.0,first_deriv_696.0,first_deriv_698.0,second_deriv_505.0,Rrs_702.0,Rrs_689.0,second_deriv_540.0,second_deriv_660.0,Rrs_701.0,Rrs_679.0,first_deriv_708.0,second_deriv_490.0,first_deriv_550.0,second_deriv_356.0,first_deriv_697.0,second_deriv_361.0,second_deriv_403.0,first_deriv_540.0,first_deriv_704.0,lon_norm,Rrs_688.0,first_deriv_673.0,Rrs_693.0,first_deriv_553.0,first_deriv_683.0,Rrs_694.0,Rrs_696.0,Rrs_703.0,first_deriv_706.0,Rrs_678.0,first_deriv_670.0,FLH,first_deriv_547.0,first_deriv_676.0,first_deriv_530.0,second_deriv_665.0,Rrs_699.0,second_deriv_502.0,first_deriv_510.0,Rrs_704.0,Rrs_698.0,Rrs_676.0,first_deriv_512.0,Rrs_697.0,Rrs_719.0,Rrs_677.0,Rrs_673.0,Rrs_675.0,first_deriv_675.0,Rrs_687.0,first_deriv_657.0,first_deriv_507.0,first_deriv_672.0,second_deriv_666.0,first_deriv_668.0,first_deriv_655.0,blue_green_ratio,ratio_490_555,first_deriv_713.0,second_deriv_462.0,Rrs_706.0,second_deriv_676.0,auc_nir,first_deriv_681.0,second_deriv_542.0,first_deriv_535.0,Rrs_671.0
0.13536644,0.0064573577,0.0035087117,-0.012793458,0.0059055705,-0.00088237383,-0.01113466,-0.0026003353,0.0029106033,-0.0069252243,-0.02875432,0.0,0.0,0.011498739,0.02057574,0.000739675,0.020693297,0.0031151182,0.0057803765,0.0,0.045018326,0.0,-0.011638148,0.004630617,-0.0023934133,0.0,0.0018962104,0.00081146415,-0.00899595,-0.010408452,0.012439897,-0.00041908748,0.023726394,0.0,0.042137697,-0.011519326,0.007180076,-0.0015671928,0.0,-0.10393918,-0.0055302195,0.0,0.0,-0.03400201,-0.022651542,0.016607936,0.034312345,0.0,-0.10991542,0.0044337767,0.0,-0.0037792202,-0.028092232,0.0,0.0038489613,0.0,0.0065589864,0.021045487,0.0,0.0,0.0,0.0028901494,0.0,0.0063803876,0.0,-0.0014489244,-0.017041497,0.109084666,0.022314074,0.0,0.015053543,-0.008273842,-0.0040130788,0.0,0.010116344,0.0,0.0,-0.016822014,0.0,0.0,0.0,0.0,0.0,0.002774138,-0.04388459,-0.0024859682,-0.0038193553,-0.0071598813,0.001260253,0.0,0.0,0.0,0.00012067193,0.0,0.014944635,0.0,0.0080813235,0.007841429,0.0014534653,-0.019034397
-0.040811464,0.11004056,-0.0039209193,-0.015407007,-0.016306339,0.00046189982,-0.09297529,-0.0043222164,0.004366635,-0.0114652235,0.0003896095,0.0,0.0,0.007924562,-0.011888258,0.017606083,-0.03709125,-0.0003455216,0.007283522,0.0,-0.0031343256,0.0,0.007983317,0.01601886,-0.0054024765,0.0,0.0015306954,-0.012662332,-0.008219676,-0.005020243,0.007180754,-0.0015776104,0.009073973,0.0,-0.0104127955,-0.0022477428,-0.017258717,-0.0015671928,0.0,-0.0282071,-0.0013298972,0.0,0.0,0.06623433,-0.028158769,7.718522e-05,0.02262044,0.0,-0.093496166,-0.0067405333,0.0,0.008215193,0.103058726,0.0,0.015923653,0.0,-0.021369582,-6.855419e-05,0.0,0.0,0.0,0.0022697174,0.0,-0.00062678114,0.0,-0.002797692,0.0032758752,0.008280644,-0.007983587,0.0,-0.0021971506,-0.01340543,-0.003389816,0.0,0.06594418,0.0,0.0,-0.011399429,0.0,0.0,0.0,0.0,0.0,0.012529727,-0.0030633546,-0.012560156,0.010789477,-0.007564528,0.0007968549,0.0,0.0,0.0,0.015541231,0.0,0.0021692698,0.0,0.029184578,-0.045464903,0.0014534653,-0.014386813
-0.040221043,-0.040511128,0.0029397234,-0.022740101,0.038725786,-0.00088237383,0.040663846,-0.0063362634,0.007091669,-0.012940672,-0.016395474,0.0,0.0,-0.0036794725,0.010326089,0.06611155,0.072107,0.0047727176,0.007996386,0.0,-0.014942207,0.0,-0.024052303,0.0021947464,-0.021088986,0.0,0.0018962104,-0.008119964,-0.008321345,0.023115885,0.007180754,0.0012572623,0.006259778,0.0,-0.040264923,0.02350277,-9.396003e-05,-0.0015671928,0.0,0.021487316,-0.014484284,0.0,0.0,-0.03171235,-0.020253614,0.016607936,0.03555593,0.0,-0.0283951,-0.049773134,0.0,-0.016517455,-0.043413386,0.0,0.0038489613,0.0,0.0050186734,-0.026265549,0.0,0.0,0.0,0.0028901494,0.0,0.014293234,0.0,-0.0025914211,0.0029448727,-0.050505046,0.008215576,0.0,-0.0035867095,-0.05136243,-0.01019715,0.0,0.013605911,0.0,0.0,-0.00056435505,0.0,0.0,0.0,0.0,0.0,-0.008587338,0.015238307,-0.011851623,-0.008839079,0.02154493,-0.004200843,0.0,0.0,0.0,0.008380872,0.0,-0.008449845,0.0,-0.0083025545,-0.0029187948,0.0014534653,-0.019034397
-0.06615515,-0.07425854,0.006396816,-0.003320041,0.040894896,0.00088237383,0.035316315,-0.002580158,0.0029106033,-0.012940672,-0.033988714,0.0,0.0,0.023310766,-0.0036961362,-0.02820741,-7.863977e-05,0.0031151182,0.0016140847,0.0,-0.014703347,0.0,-0.024052303,0.0034719966,0.058993652,0.0,0.0018962104,-0.036406074,-0.006633087,0.028885446,0.012334503,-0.0021783817,0.023726394,0.0,0.041750714,-0.011519326,-0.011713257,-0.006904106,0.0,-0.06201776,-0.0055302195,0.0,0.0,-0.030512441,0.39009586,0.016607936,0.017839206,0.0,-0.008058483,-0.021365684,0.0,-0.0039480967,-0.023923362,0.0,0.00073553226,0.0,0.010758955,0.030817878,0.0,0.0,0.0,0.0028901494,0.0,0.0022990224,0.0,-0.0025914211,0.005230367,-0.036299575,0.01619609,0.0,-0.0013707003,-0.0110786315,-0.01019715,0.0,0.013605911,0.0,0.0,-0.0031527393,0.0,0.0,0.0,0.0,0.0,0.07503311,-0.02118475,-0.0043017287,0.010501059,0.0015233988,0.010840668,0.0,0.0,0.0,0.008380872,0.0,0.014944635,0.0,-0.0007703344,0.0007112778,0.0014534653,-0.022072434
-0.027748495,-0.027686656,0.00033945404,-0.006964146,0.03851038,0.00088237383,-0.02174289,-0.0011898184,0.0029106033,-0.014781526,-0.02875432,0.0,0.0,0.0119935395,0.010801701,0.01722176,0.018107167,0.0031151182,0.0075540207,0.0,-0.014475365,0.0,0.00406385,0.01601886,-0.01861961,0.0,0.019123677,0.08535333,-0.012369913,-0.005020243,0.007180754,-0.00041908748,0.0070897588,0.0,0.033879906,-0.011519326,-0.01084253,-0.0015671928,0.0,-0.05699922,-0.0055302195,0.0,0.0,-0.030512441,-0.024872622,-2.7064001e-05,0.025016952,0.0,-0.093496166,0.00497422,0.0,0.01159399,-0.0691226,0.0,0.00853776,0.0,0.011822472,0.021045487,0.0,0.0,0.0,0.0020998456,0.0,0.0053862296,0.0,-0.0025914211,0.0032758752,0.0038539134,-0.007983587,0.0,0.0045364276,-0.011449899,-0.01019715,0.0,0.013605911,0.0,0.0,-0.016822014,0.0,0.0,0.0,0.0,0.0,0.0023744553,-0.05233594,-0.012560156,-0.0076024574,-0.0041847746,0.001260253,0.0,0.0,0.0,0.008067649,0.0,0.004193795,0.0,-0.0069567887,-0.036497265,0.00094185467,-0.014386813
0.0011893329,0.08709738,0.003071642,-0.012793458,0.012864153,-0.00088237383,0.02318278,-0.00082595646,0.0029106033,-0.009624369,-0.027542869,0.0,0.0,0.009079816,0.01836409,0.017363213,0.015610157,0.0070782234,0.0057803765,0.0,-0.004722393,0.0,0.016415086,0.004630617,-0.002804162,0.0,0.0018962104,-0.029204518,-0.004772908,-0.005020243,0.007840818,-0.0009778708,0.0120820105,0.0,0.024625383,-0.011519326,0.070449166,-0.0015671928,0.0,0.015606959,0.005103543,0.0,0.0,0.042921882,-0.02411809,0.008651665,0.034312345,0.0,0.011514548,-0.019090232,0.0,-0.0037792202,0.08045938,0.0,0.0038489613,0.0,0.04121276,0.012654202,0.0,0.0,0.0,0.002964636,0.0,0.0068869074,0.0,-0.0013014507,0.005230367,-0.014704887,0.008215576,0.0,0.003146869,-0.007821845,-0.003389816,0.0,0.039900094,0.0,0.0,0.0057064393,0.0,0.0,0.0,0.0,0.0,0.012566939,-0.04388459,-0.026905838,-0.008902496,-0.0071598813,0.010840668,0.0,0.0,0.0,0.015541231,0.0,0.004193795,0.0,-0.014314443,-0.011116348,0.0014534653,-0.019034397
-0.03484421,-0.038734008,0.0030845038,-0.022634491,0.038725786,-0.00088237383,0.025986489,-0.0058239857,0.007091669,-0.0117820045,-0.010017863,0.0,0.0,-0.0036794725,0.0075012455,0.06493847,0.07266578,0.0047727176,0.0037045737,0.0,0.014336828,0.0,0.00406385,0.0021947464,-0.016512537,0.0,-0.0037924207,-0.01765212,-0.008778377,0.0351417,0.0059376536,-0.00041908748,0.00408172,0.0,-0.024690803,0.02350277,-0.011396728,-0.0015671928,0.0,-0.013366428,-0.0055302195,0.0,0.0,-0.030512441,-0.020828117,0.008651665,0.03555593,0.0,-0.011975835,0.008109253,0.0,-0.012028009,-0.0691226,0.0,0.00853776,0.0,0.011822472,-0.026265549,0.0,0.0,0.0,0.002964636,0.0,0.014293234,0.0,-0.0025914211,0.005230367,-0.031630903,-0.015435327,0.0,-0.014103825,-0.05344632,-0.01019715,0.0,0.013605911,0.0,0.0,-0.00056435505,0.0,0.0,0.0,0.0,0.0,-0.008439997,0.015238307,-0.05209639,-0.008280296,0.02154493,-0.004200843,0.0,0.0,0.0,0.009512522,0.0,0.0021692698,0.0,-0.0083025545,-0.0036806555,0.0014534653,-0.019034397
-0.09211151,-0.07332617,-0.014751828,0.00022961907,-0.026871033,0.00046189982,0.03277786,-0.0015730218,0.029370548,-0.012940672,-0.0098821055,0.0,0.0,-0.011149892,-0.0016057472,-0.19763589,-0.08970653,0.0036175838,0.0043626763,0.0,-0.014942207,0.0,-0.015196566,0.000729162,-0.007900934,0.0,-0.057123538,0.038649946,-0.011288156,0.014859362,0.0081052445,0.0022706918,0.00408172,0.0,-0.0013537873,0.012202034,-0.011259339,-0.0023300573,0.0,0.016144542,-0.014484284,0.0,0.0,-0.03171235,-0.031908523,0.016607936,-0.12770239,0.0,-0.011975835,-0.009798622,0.0,-0.010370016,-0.07036291,0.0,-0.004542363,0.0,-0.0026022745,-0.026265549,0.0,0.0,0.0,0.0028901494,0.0,0.032224663,0.0,-0.009987822,0.0029448727,-0.06400095,-0.015435327,0.0,-0.0035867095,0.052681517,-0.01019715,0.0,0.013605911,0.0,0.0,-0.00056435505,0.0,0.0,0.0,0.0,0.0,-0.015543742,0.03518927,-0.015715264,-0.024966277,0.0058000805,-0.004200843,0.0,0.0,0.0,0.008380872,0.0,0.0021692698,0.0,-0.0083025545,-0.003467233,0.00094185467,-0.010754377
-0.0533123,-0.097709194,0.13702768,-0.0034296971,-0.009629128,0.00046189982,-0.12888321,-0.0008229193,0.0039455825,-0.00870586,-0.0098821055,0.0,0.0,-0.0074476246,0.009049939,-0.061592598,-0.10286453,0.0036175838,0.007339879,0.0,-0.015298104,0.0,0.0025878935,0.00034211995,-0.020474048,0.0,0.0018962104,-0.060908943,-0.007885559,0.014859362,0.01410632,0.0022706918,0.0070897588,0.0,0.00073571777,0.012202034,-0.0017861247,-0.006904106,0.0,-0.029722173,0.03729661,0.0,0.0,-0.021427598,-0.023207722,-0.04736337,0.03417946,0.0,0.018423447,-0.0860122,0.0,-0.076625586,-0.0639893,0.0,0.006831687,0.0,-0.0061301705,-0.00937012,0.0,0.0,0.0,0.0018465696,0.0,0.016698247,0.0,0.066585466,0.0021712198,-0.004105661,0.0042493283,0.0,-0.0035867095,0.010111387,-0.01019715,0.0,0.013605911,0.0,0.0,-0.00056435505,0.0,0.0,0.0,0.0,0.0,0.14527805,0.017329967,-0.023675539,-0.03346055,-0.0076496154,-0.0026561832,0.0,0.0,0.0,0.009512522,0.0,0.004193795,0.0,0.0059929993,-0.043892045,0.0014534653,-0.01118299
0.068911865,-0.023627196,0.0057052947,-0.02990687,0.00301346,-0.0005263691,-0.0716471,-0.0026003353,0.0029106033,-0.0069252243,-0.028675545,0.0,0.0,-0.0027534796,0.02057574,0.04585877,0.07449834,0.00080961245,0.007848322,0.0,0.031214612,0.0,0.0034016492,0.0012784952,0.042781502,0.0,-0.003061391,0.0051616128,-0.010308978,-0.0033022694,0.012439897,-0.00041908748,0.023726394,0.0,0.042137697,0.02350277,-0.00080593955,-0.0015671928,0.0,0.119530044,-0.0055302195,0.0,0.0,-0.03400201,-0.0155471,0.016607936,0.02924221,0.0,-0.069279365,0.028091865,0.0,-0.0041204207,-0.075012,0.0,0.0038489613,0.0,0.017562754,0.021045487,0.0,0.0,0.0,0.0028901494,0.0,0.0062313867,0.0,-0.0025914211,0.0021712198,-0.019755844,0.022314074,0.0,-0.014103825,-0.010442685,-0.0040130788,0.0,0.010116344,0.0,0.0,0.009210425,0.0,0.0,0.0,0.0,0.0,0.037755653,0.019875363,-0.016350014,-0.008280296,0.010199709,0.001260253,0.0,0.0,0.0,0.0048235306,0.0,0.014944635,0.0,-0.024728552,-0.040061515,0.0014534653,-0.019034397
0.001610137,-0.078187294,0.00541809,-0.014892272,0.014646912,-0.00088237383,0.027062837,-0.0018285995,0.0029106033,0.16512346,-0.029583512,0.0,0.0,0.021665433,0.053540863,0.017363213,0.015610157,0.0070782234,0.005112808,0.0,0.004328608,0.0,0.0029284332,0.004630617,-0.0051031783,0.0,0.0015306954,0.014748961,-0.00899595,-0.005020243,0.020754632,-0.0009778708,0.023779286,0.0,0.04045484,-0.011519326,0.036159925,-0.0015671928,0.0,-0.024742987,0.005103543,0.0,0.0,0.011958663,-0.014194457,0.008651665,0.022728251,0.0,-0.10991542,-0.0051265107,0.0,-0.0004370429,-0.018135639,0.0,0.0038489613,0.0,0.009461082,7.882062e-05,0.0,0.0,0.0,0.002964636,0.0,0.005903515,0.0,-0.0014489244,0.029213995,0.15253016,0.03029459,0.0,0.003411547,-0.015303846,-0.0042795823,0.0,-0.020688942,0.0,0.0,-0.01756327,0.0,0.0,0.0,0.0,0.0,0.044425864,-0.04388459,-0.0014481479,-0.008902496,-0.0071598813,0.010840668,0.0,0.0,0.0,0.008067649,0.0,0.014944635,0.0,-0.0012151588,0.0056171683,-0.027906539,-0.025545023
0.03376721,-0.033300094,0.0029397234,-0.012440017,0.038725786,-0.00088237383,0.020562626,-0.0026003353,0.0029106033,-0.012940672,-0.020043693,0.0,0.0,-0.0036794725,0.011953047,0.043307256,0.060954656,0.0070782234,0.0057803765,0.0,-0.02348242,0.0,-0.024052303,0.0019858484,-0.022182662,0.0,0.0018962104,-0.017489772,-0.0041275285,-0.010408452,0.020754632,-0.00041908748,0.017595919,0.0,0.028922802,0.06253349,-0.0016705,-0.0015671928,0.0,-0.072543874,-0.014484284,0.0,0.0,-0.03171235,-0.015993815,0.016607936,0.028969321,0.0,-0.008058483,0.008109253,0.0,-0.0041221622,-0.022281483,0.0,0.0038489613,0.0,0.010758955,0.010281533,0.0,0.0,0.0,0.0028901494,0.0,0.0075065955,0.0,-0.0025914211,0.0029448727,-0.05121607,0.022314074,0.0,0.0045364276,-0.008994743,-0.01019715,0.0,0.013605911,0.0,0.0,-0.0031527393,0.0,0.0,0.0,0.0,0.0,-0.007760627,-0.033206787,-0.0024859682,-0.008280296,-0.010482994,-0.004200843,0.0,0.0,0.0,-0.1011447,0.0,-0.028394807,0.0,-0.0067194123,-0.0029187948,0.0014534653,-0.019034397
-0.051561996,0.078352556,-2.0951964e-05,-0.012370924,-0.012010671,-0.00088237383,0.01600435,-0.0014647378,0.0029106033,-0.0114652235,-0.0004395824,0.0,0.0,0.007429762,0.013730818,0.017203294,-0.019274341,-0.0003455216,0.0057803765,0.0,-0.004722393,0.0,0.016415086,0.004630617,-0.00091710314,0.0,0.0018962104,0.02766699,-0.0035396023,-0.005020243,0.007840818,-0.011415371,0.023726394,0.0,0.026230441,-0.0022477428,0.0440187,-0.0015671928,0.0,-0.014197023,0.01991356,0.0,0.0,-0.016283436,-0.019025613,0.008651665,0.015811278,0.0,0.011514548,0.042855926,0.0,-0.0037792202,0.11045638,0.0,0.00853776,0.0,0.04121276,0.021045487,0.0,0.0,0.0,0.002964636,0.0,0.0031158067,0.0,-0.002797692,0.0032758752,0.01857883,-0.015435327,0.0,0.003146869,-0.008193112,-0.003389816,0.0,0.013605911,0.0,0.0,0.0057064393,0.0,0.0,0.0,0.0,0.0,0.010338115,-0.005255988,-0.027434338,0.023371017,-0.012962776,0.001260253,0.0,0.0,0.0,0.015541231,0.0,0.014944635,0.0,-0.015876627,-0.033310544,0.0014534653,-0.024423193
0.074697345,0.07900123,-0.0043753716,-0.06048114,0.0049139573,-0.00088237383,-0.0030893972,0.0038247267,0.0029106033,0.0021478273,-0.017728139,0.0,0.0,0.045048356,0.028479783,0.05664125,0.020693297,0.0070782234,0.006937552,0.0,-0.0074030114,0.0,-0.031323012,-0.026866145,-0.0058355643,0.0,0.0018962104,-0.016084911,0.091529414,-0.0033022694,0.0035829428,-0.00041908748,0.0060331714,0.0,0.009177551,-0.011519326,-0.011406857,-0.0009820531,0.0,0.08881978,0.005103543,0.0,0.0,0.015228866,-0.011950185,0.0069447863,0.025929026,0.0,0.010434883,-0.056646552,0.0,0.034423053,0.032716148,0.0,0.0010100051,0.0,0.013416423,0.018857945,0.0,0.0,0.0,-0.100191854,0.0,-0.0030203257,0.0,-0.0008987,-0.0051272297,0.10484,0.03029459,0.0,0.003146869,-0.024462257,-0.0015369237,0.0,-0.033036973,0.0,0.0,0.0016911139,0.0,0.0,0.0,0.0,0.0,0.012388313,-0.026717879,0.0026587974,-0.0038193553,-0.0071598813,0.001260253,0.0,0.0,0.0,0.007400872,0.0,-0.028394807,0.0,-0.0014403383,0.018936811,0.004776101,0.016168315
0.012936608,-0.039039634,-0.014126506,-0.013926412,0.052884903,-0.00046189997,0.033079546,-0.031748444,0.007091669,-0.010584401,-0.009630328,0.0,0.0,-0.015155619,-0.07677473,-0.20697692,0.07015646,0.0047727176,-0.09999669,0.0,0.014336828,0.0,-0.01280532,0.0010361263,-0.014337536,0.0,-0.0023937733,-0.0059117978,-0.01868556,0.019482493,0.0068621445,0.0012572623,0.0074663986,0.0,-0.05762655,0.02350277,-0.01039527,-0.0023300573,0.0,-0.07186485,-0.0055302195,0.0,0.0,-0.030512441,-0.037157368,-2.7064001e-05,-0.12715495,0.0,-0.011975835,-0.03261822,0.0,-0.0114486255,-0.037673105,0.0,0.0054243314,0.0,0.010758955,-0.018158916,0.0,0.0,0.0,0.0020998456,0.0,0.014293234,0.0,-0.0025914211,0.005230367,-0.03451051,-0.015435327,0.0,-0.024686398,-0.05344632,0.026949612,0.0,0.013605911,0.0,0.0,-0.00056435505,0.0,0.0,0.0,0.0,0.0,-0.018251412,0.03484603,-0.021281842,-0.012622181,-0.08660124,-0.0025635664,0.0,0.0,0.0,0.009512522,0.0,0.004447287,0.0,-0.0083025545,-0.005064995,0.0009477245,0.10947277
0.08970324,0.0010383532,0.00024530198,-0.12100434,0.0059055705,-0.00088237383,-0.011552149,-0.00041808258,0.0029106033,0.022524733,0.07394976,0.0,0.0,0.021665433,0.022314597,0.054245528,0.024537554,-0.0469277,0.00858606,0.0,0.04457078,0.0,-0.013399041,-0.0007198085,-0.02042247,0.0,0.019123677,0.04885827,-0.0026095628,-0.0033022694,0.013099961,-0.0009778708,0.0120820105,0.0,0.033527955,-0.004163184,0.020722695,-0.0015671928,0.0,0.22435486,-0.0013298972,0.0,0.0,0.07380924,-0.011740432,0.0069447863,0.029555282,0.0,0.024972964,0.047077075,0.0,0.017529063,-0.030540694,0.0,0.0038489613,0.0,0.004110525,0.021045487,0.0,0.0,0.0,-0.100191854,0.0,0.003270612,0.0,-0.0014489244,-0.0051272297,0.17168838,0.022314074,0.0,0.015053543,0.010348962,-0.0024761548,0.0,0.039900094,0.0,0.0,-0.00045740197,0.0,0.0,0.0,0.0,0.0,0.0050109196,-0.039825093,0.019706536,-0.008902496,-0.0071598813,0.001260253,0.0,0.0,0.0,0.0063328412,0.0,0.004193795,0.0,0.0080813235,0.0044758935,0.0012509414,-0.025545023
-0.06430439,-0.051332448,0.0023418525,-0.024289194,-0.014025964,0.0005263691,-0.105145335,-0.0034592173,0.002091604,-0.014781526,-0.0039437925,0.0,0.0,0.010283929,-0.036452893,0.016556244,-0.030499874,0.0005067508,0.0050675133,0.0,-0.0072448472,0.0,0.0022988783,0.01601886,0.087075435,0.0,0.0015306954,0.03238584,-0.0035396023,-0.005020243,0.007840818,-0.00266692,0.023779286,0.0,0.037159696,-0.0037836577,-0.008893195,-0.0015671928,0.0,-0.03445215,-0.0013298972,0.0,0.0,0.011823402,-0.042786025,7.718522e-05,-0.0223023,0.0,0.011514548,0.0071421852,0.0,0.009115867,-0.0073780417,0.0,0.015923653,0.0,-0.004905745,0.0023299772,0.0,0.0,0.0,0.0022697174,0.0,0.018812975,0.0,-0.0032593491,0.010412517,0.020432198,0.0064458,0.0,-0.0013707003,-0.006594892,-0.01019715,0.0,-0.03419328,0.0,0.0,-0.000584387,0.0,0.0,0.0,0.0,0.0,0.0886702,-0.028483775,-0.021346707,-0.044444304,-5.9150276e-05,0.003683305,0.0,0.0,0.0,0.006081244,0.0,0.014944635,0.0,-0.0069567887,-0.16576567,0.0014534653,-0.014386813
-0.036549594,0.07967899,-0.004480463,-0.0072172685,-0.020889355,0.00046189982,-0.031743873,-0.0006625216,0.014247557,-0.0114652235,-0.019298287,0.0,0.0,-0.004056139,-0.04344609,-0.023290101,-0.021633316,0.0036175838,-0.06616139,0.0,-0.0031343256,0.0,0.007983317,0.00038661552,-0.017105415,0.0,0.0011968865,-0.060530763,-0.007961023,0.019482493,0.01410632,0.0047328314,0.0074663986,0.0,-0.03224872,-0.0022477428,-0.002042435,-0.006904106,0.0,-0.013089475,-0.0055302195,0.0,0.0,-0.030328017,-0.011571539,0.008651665,0.051431157,0.0,0.021087296,-0.084979504,0.0,0.0043633264,0.07383275,0.0,-0.015972253,0.0,-0.038373247,-0.009077078,0.0,0.0,0.0,0.002964636,0.0,-0.013800418,0.0,-0.002797692,0.0032758752,-0.0041282345,-0.007983587,0.0,0.026475295,0.013994763,-0.003389816,0.0,0.013605911,0.0,0.0,-0.004953538,0.0,0.0,0.0,0.0,0.0,-0.0018569,0.06687017,-0.028160024,0.02404977,0.0009277547,-0.0025635664,0.0,0.0,0.0,0.023687191,0.0,0.004447287,0.0,0.027838811,-0.03727365,0.0009477245,-0.011328107
-0.058734123,-0.01778888,0.0010688134,-0.0024259286,-0.041245557,0.00088237383,0.01979312,-0.0011898184,0.0029106033,-0.00994115,0.019182269,0.0,0.0,0.011046095,0.018673228,0.018172476,-0.123817995,0.002125168,0.0119758975,0.0,0.014336828,0.0,0.0019070883,0.004630617,0.02198765,0.0,0.028561762,0.111557364,-0.0035396023,-0.005020243,0.006597717,-0.0007568973,0.0070897588,0.0,0.03401412,-0.0015403315,-0.035835978,-0.0015671928,0.0,0.027035639,-0.0055302195,0.0,0.0,-0.033817586,-0.025922615,-0.024673266,0.015811278,0.0,0.011514548,0.0017032907,0.0,-0.0004004219,-0.04297627,0.0,0.00853776,0.0,-0.0061301705,0.021045487,0.0,0.0,0.0,0.002501432,0.0,-0.005509718,0.0,-0.009987822,0.0032758752,-0.010703599,0.008215576,0.0,-0.014103825,-0.011449899,-0.01019715,0.0,0.010116344,0.0,0.0,0.00028385513,0.0,0.0,0.0,0.0,0.0,0.09595952,-0.0027990434,-0.026905838,-0.045162264,-0.000748985,0.001260253,0.0,0.0,0.0,-0.005241462,0.0,0.004193795,0.0,-0.0069567887,-0.03405236,0.001667276,-0.014386813
0.09190532,-0.021206561,0.0057052947,-0.02990687,0.038725786,-0.0005263691,0.034569174,-0.0011898184,0.0029106033,-0.0069252243,-0.006787629,0.0,0.0,-0.0027534796,0.02057574,0.028684475,0.06896424,0.0047727176,0.007848322,0.0,0.016519653,0.0,0.0034016492,0.0012784952,0.044190608,0.0,-0.003061391,-0.0664541,-0.0049885414,0.0351417,0.013099961,-0.00041908748,0.0070897588,0.0,0.017835645,-0.004329458,0.002114363,-0.0015671928,0.0,0.020384353,-0.0055302195,0.0,0.0,-0.03400201,-0.016254766,0.008651665,0.030651312,0.0,0.022309115,0.0044337767,0.0,-0.0041204207,-0.046270475,0.0,0.0038489613,0.0,0.011822472,0.021045487,0.0,0.0,0.0,0.002964636,0.0,0.0062313867,0.0,-0.0025914211,0.0032758752,0.004310223,0.022314074,0.0,-0.014103825,-0.011449899,-0.0040130788,0.0,0.010116344,0.0,0.0,-0.00056435505,0.0,0.0,0.0,0.0,0.0,0.032190114,0.056614812,-0.020285223,-0.008280296,0.010199709,0.001260253,0.0,0.0,0.0,0.0048235306,0.0,0.004193795,0.0,0.0080813235,-0.03468624,0.0014534653,-0.019034397
-0.063094296,0.069561705,-0.0034714807,-0.013232063,-0.012010671,-0.00046189997,0.016023446,-0.00082595646,0.0029106033,-0.009624369,-0.014185916,0.0,0.0,-0.0082327705,0.006417099,0.047641482,0.02870748,0.0047727176,0.0056159673,0.0,-0.0031343256,0.0,0.016415086,0.0019858484,-0.015506191,0.0,0.028561762,0.11126349,-0.0051660934,-0.005020243,0.007180754,-0.00041908748,0.00660924,0.0,0.01835963,-0.004329458,0.00027335063,-0.0015671928,0.0,0.023446735,0.03729661,0.0,0.0,-0.035024147,-0.02590859,0.008651665,0.020568345,0.0,-0.009311987,0.008649696,0.0,-0.0012653458,0.11045638,0.0,-0.0015121833,0.0,0.04121276,-0.026265549,0.0,0.0,0.0,0.002964636,0.0,0.0022103162,0.0,-0.002797692,0.005230367,-0.017410422,0.008215576,0.0,1.8858467e-05,-0.007821845,-0.003389816,0.0,0.017530687,0.0,0.0,-0.012064742,0.0,0.0,0.0,0.0,0.0,-0.00021800515,0.012429359,-0.013125876,-0.009207873,-0.04174485,-0.004200843,0.0,0.0,0.0,0.015541231,0.0,0.004193795,0.0,-0.017222393,0.00647164,0.00094185467,-0.014386813
-0.017695975,-0.021671467,0.005507759,-0.014737767,0.0059055705,-0.00088237383,-0.0066294186,-0.00041808258,0.0029106033,0.098665684,0.094058275,0.0,0.0,0.011330798,0.018357202,0.02368173,0.05243961,0.028807018,0.0056772865,0.0,0.0029844157,0.0,-0.011638148,0.0012784952,0.0721867,0.0,0.0015306954,-0.06332848,-0.0050222212,-0.0033022694,0.006403057,-0.00041908748,0.0013132361,0.0,0.017835645,-0.004163184,0.021451283,-0.0015671928,0.0,0.119566716,0.01991356,0.0,0.0,-0.011113368,0.38080445,0.016607936,0.016900178,0.0,0.024080986,-0.08715974,0.0,-0.0041204207,-0.027102234,0.0,0.0038489613,0.0,0.004110525,0.021045487,0.0,0.0,0.0,0.0028901494,0.0,-0.004003718,0.0,-0.0014489244,-0.0051272297,0.2441246,0.022314074,0.0,0.003411547,-0.027719043,-0.0024761548,0.0,0.0077995565,0.0,0.0,-0.0043827496,0.0,0.0,0.0,0.0,0.0,0.011439609,-0.02920719,0.019706536,-0.0038193553,-0.0071598813,0.001260253,0.0,0.0,0.0,0.00012067193,0.0,0.004193795,0.0,0.0012347236,0.019022929,0.0037833753,-0.025545023
-0.058312215,0.0747934,0.15556014,-0.0142875025,-0.016306339,0.00046189982,-0.17030862,-0.0010641624,0.00028305582,-0.0059927795,0.0003896095,0.0,0.0,0.012653245,-0.010703303,0.043931246,-0.03709125,-0.0003455216,0.01743998,0.0,-0.0034902217,0.0,0.007983317,0.0058792485,-0.01253905,0.0,0.0018962104,-0.030829694,-0.0092309825,-0.014630746,0.025239188,-0.0015776104,0.00660924,0.0,0.011866446,-0.0022477428,0.07203555,-0.0015671928,0.0,0.003977072,0.01991356,0.0,0.0,-0.029695563,-0.020640511,-0.024673266,0.027300242,0.0,0.012833147,-0.0049135294,0.0,0.009795748,0.103058726,0.0,-0.008444201,0.0,-0.021369582,-0.00937012,0.0,0.0,0.0,0.002501432,0.0,0.0011840748,0.0,-0.002797692,0.005230367,-0.027660483,-0.005628639,0.0,-0.0021971506,0.005795657,-0.003389816,0.0,0.017530687,0.0,0.0,0.0057064393,0.0,0.0,0.0,0.0,0.0,0.0004266965,0.07201268,0.0692689,0.010789477,-0.007141169,-0.0026561832,0.0,0.0,0.0,0.015541231,0.0,0.004193795,0.0,0.030273926,-0.021945,0.0014534653,-0.007974381
0.1098912,-0.023627196,0.007361388,-0.023093542,0.040894896,0.00088237383,0.034569174,-0.0011898184,0.0029106033,-0.0069252243,-0.0067310277,0.0,0.0,-0.0027534796,0.013730818,-0.04103569,0.06896424,0.00080961245,0.007848322,0.0,0.031214612,0.0,0.0034016492,0.0012784952,-0.002765957,0.0,-0.003061391,-0.0664541,-0.00722735,0.028885446,0.019365463,-0.00041908748,0.0070897588,0.0,0.01770143,-0.004329458,-0.008862476,-0.006904106,0.0,-0.021817831,-0.0055302195,0.0,0.0,-0.030512441,-0.019079484,0.016607936,0.03549493,0.0,0.011514548,0.011050476,0.0,-0.0041204207,-0.05373098,0.0,0.0038489613,0.0,0.011822472,0.021045487,0.0,0.0,0.0,0.0028901494,0.0,0.0062313867,0.0,-0.0025914211,0.0032758752,0.004041264,0.022314074,0.0,-0.014103825,-0.011449899,-0.0040130788,0.0,0.013605911,0.0,0.0,-0.0031527393,0.0,0.0,0.0,0.0,0.0,0.012481252,0.056614812,-0.03476214,-0.008280296,0.010199709,0.001260253,0.0,0.0,0.0,0.007481831,0.0,0.004193795,0.0,-0.024728552,-0.033430155,0.0014534653,-0.019034397
-0.03823003,-0.034491144,0.00013941899,-0.022131974,0.03851038,-0.00088237383,0.026906326,-0.0011898184,0.0029106033,-0.012940672,-0.010017863,0.0,0.0,-0.0036794725,0.010326089,0.06169202,0.07266578,0.0047727176,0.0014885652,0.0,-0.014942207,0.0,-0.024052303,0.0021947464,-0.025221126,0.0,-0.0037924207,-0.06112965,-0.010308978,0.07285917,0.007180754,-0.00041908748,0.0070897588,0.0,0.01770143,0.02350277,-0.020028343,-0.0015671928,0.0,-0.047274556,-0.0055302195,0.0,0.0,-0.030512441,-0.020253614,0.016607936,0.029882843,0.0,-0.069279365,-0.064245015,0.0,-0.013743091,-0.043413386,0.0,0.00853776,0.0,0.0050186734,-0.007882143,0.0,0.0,0.0,0.0028901494,0.0,0.0075065955,0.0,-0.0025914211,0.0032758752,0.0004849108,0.008215576,0.0,-0.0013707003,-0.011449899,-0.01019715,0.0,0.013605911,0.0,0.0,0.009210425,0.0,0.0,0.0,0.0,0.0,-0.012292127,0.015238307,-0.05156789,-0.008280296,0.02154493,-0.004200843,0.0,0.0,0.0,-0.1011447,0.0,0.004193795,0.0,-0.0083025545,-0.039195642,0.0014534653,-0.022388123
-0.061874796,-0.04416243,-0.014563575,0.0026052129,-0.026871033,-0.00046189997,0.018836256,-0.005935562,0.029370548,-0.013583923,-0.0076677143,0.0,0.0,-0.011149892,-0.0082961405,-0.23373082,-0.060605675,0.0036175838,0.0037045737,0.0,-0.0072448472,0.0,-0.015196566,0.0010361263,-0.017268728,0.0,-0.0037924207,-0.027460182,-0.01868556,0.019482493,0.0081052445,0.008000761,0.00408172,0.0,0.021135248,0.012202034,-0.0050321375,-0.0023300573,0.0,-0.009372384,0.03729661,0.0,0.0,-0.021612018,-0.058159787,0.008651665,-0.07490914,0.0,-0.011975835,-0.03532839,0.0,-0.013743091,-0.085573584,0.0,0.017923826,0.0,-0.0026022745,-0.018304585,0.0,0.0,0.0,0.002964636,0.0,0.032224663,0.0,-0.009987822,0.0032758752,-0.0118105635,0.008215576,0.0,-0.0035867095,0.05022636,0.026949612,0.0,0.013605911,0.0,0.0,-0.00056435505,0.0,0.0,0.0,0.0,0.0,-0.013749894,0.0433387,-0.02075334,-0.080976956,0.0032011755,-0.03613556,0.0,0.0,0.0,0.008380872,0.0,0.0021692698,0.0,0.0046472335,-0.03907603,0.0014534653,0.02681778
-0.02809499,0.064484164,-0.0050079655,0.0017884109,-0.020889355,0.00046189982,0.047682397,-0.004512784,0.014247557,-0.01121905,-0.0070965653,0.0,0.0,-0.015309019,-0.026032189,-0.20464665,-0.053123765,0.0036175838,-0.050177872,0.0,-0.0031343256,0.0,0.007983317,0.0010361263,-0.011274903,0.0,-0.057123538,0.042714756,-0.007151887,0.03592509,0.01410632,0.0047328314,0.00408172,0.0,-0.022817789,0.012202034,-0.0034772418,-0.006904106,0.0,-0.014130446,0.03729661,0.0,0.0,-0.021612018,-0.03326693,0.008651665,0.063241154,0.0,0.0088507,-0.024962462,0.0,-0.0086492095,0.08615798,0.0,-0.0044002035,0.0,-0.021369582,0.012500659,0.0,0.0,0.0,0.002964636,0.0,-0.008396419,0.0,-0.002797692,0.005230367,-0.027660483,-0.008536999,0.0,-0.0021971506,0.01436603,0.008958801,0.0,0.013605911,0.0,0.0,-0.009476357,0.0,0.0,0.0,0.0,0.0,-0.009335633,0.030046757,0.08955581,0.0035759988,0.017806413,-0.0025635664,0.0,0.0,0.0,0.015541231,0.0,0.0021692698,0.0,-0.017222393,-0.0018782741,0.00094185467,0.07582868
-0.06715681,0.08665004,-0.0037605485,-0.0029735952,-0.016306339,0.00046189982,0.018714221,-0.00169669,-0.054553624,-0.009624369,-0.019685822,0.0,0.0,-0.0038962802,-0.0037228782,0.055124428,-0.046758395,0.0036175838,0.007996386,0.0,-0.0048249266,0.0,-0.046711277,0.0019858484,-0.018568262,0.0,0.0018962104,-0.13178478,-0.00722735,-0.010408452,0.008835057,0.0047328314,0.006259778,0.0,-0.043916054,-0.0022477428,0.0035343403,-0.0015671928,0.0,-0.09962236,-0.0055302195,0.0,0.0,-0.030512441,-0.018125625,-0.04736337,0.037780605,0.0,0.011514548,-0.022316242,0.0,-0.0046441443,0.05271574,0.0,0.05492881,0.0,-0.018219262,-0.007882143,0.0,0.0,0.0,0.0018465696,0.0,-0.0071554673,0.0,-0.002797692,0.005230367,-0.041972283,-0.030429024,0.0,-0.0021971506,-0.008470398,-0.003389816,0.0,0.013605911,0.0,0.0,-0.004953538,0.0,0.0,0.0,0.0,0.0,-0.00029466604,0.11635349,-0.027190968,0.0072407583,-0.0076699564,-0.004200843,0.0,0.0,0.0,0.009161174,0.0,-0.008449845,0.0,-0.017222393,-0.0036676927,0.0014534653,-0.016828759
0.07110621,-0.078238696,0.0024562222,-0.005830814,0.014646912,-0.00088237383,0.028155236,-0.0026003353,0.0029106033,0.024607535,0.086660385,0.0,0.0,0.021665433,0.030698318,0.0018567136,0.052127685,0.028807018,0.006984285,0.0,-0.009486187,0.0,-0.013399041,-0.0007198085,-0.0027860622,0.0,0.0018962104,-0.037295386,-0.00899595,-0.010408452,0.02740481,-0.00041908748,0.01764881,0.0,0.02737416,-0.004163184,0.00062396936,-0.0015671928,0.0,-0.12785216,0.00077468343,0.0,0.0,0.030943196,-0.023671526,0.0069447863,0.02615004,0.0,-0.10991542,0.008386923,0.0,0.033578683,-0.019684467,0.0,0.0038489613,0.0,0.0065589864,0.021045487,0.0,0.0,0.0,-0.100191854,0.0,-0.004003718,0.0,-0.0014489244,-0.017041497,0.15288039,0.03029459,0.0,0.003411547,-0.008273842,-0.0024761548,0.0,-0.020688942,0.0,0.0,-0.01756327,0.0,0.0,0.0,0.0,0.0,0.010706751,-0.028010532,-0.0014481479,-0.0038193553,-0.0059632217,0.001260253,0.0,0.0,0.0,0.0063328412,0.0,-0.028394807,0.0,0.0007122578,0.0053273207,0.0024461912,-0.02324119
-0.10463808,-0.05131224,-0.013080189,-0.0062798276,-0.026871033,-0.00033244365,0.03798459,-0.0063362634,0.007091669,-0.013583923,-0.031539164,0.0,0.0,-0.016955385,0.011117954,-0.20697692,0.028278647,0.0070782234,0.0056323144,0.0,-0.014475365,0.0,-0.024052303,0.000729162,0.16031514,0.0,-0.003061391,0.025560267,-0.009016285,0.019482493,0.0090994835,0.0012572623,0.0038522107,0.0,-0.057962034,-0.011519326,0.0063942797,-0.0023300573,0.0,-0.06713278,0.03729661,0.0,0.0,-0.033132043,-0.02832495,-2.7064001e-05,-0.13418967,0.0,-0.010722331,0.012260281,0.0,-0.013193934,-0.062772624,0.0,0.00073553226,0.0,0.010758955,0.039209165,0.0,0.0,0.0,0.0020998456,0.0,0.012788839,0.0,-0.009987822,0.005230367,-0.048109405,-0.030429024,0.0,0.0045364276,-0.05344632,0.026949612,0.0,0.016511299,0.0,0.0,-0.0017943652,0.0,0.0,0.0,0.0,0.0,0.04334622,-0.028913926,-0.010169725,-0.0059835534,-0.04791677,-0.004200843,0.0,0.0,0.0,-0.044771545,0.0,0.004447287,0.0,-0.0015058785,0.007712266,0.0014534653,-0.012476848
-0.07528567,-0.031023448,-0.0054773157,-0.005971538,-0.039717883,0.00046189982,-0.1066435,-0.0020487003,0.0029106033,-0.012940672,-0.0026839538,0.0,0.0,-0.013317905,-0.0030366722,-0.123049155,-0.039720867,-0.0003455216,0.0049983505,0.0,-0.022172725,0.0,0.0019070883,-0.008014585,-0.013874706,0.0,-0.0037924207,-0.048701394,-0.0076898397,0.028885446,0.01410632,-0.0015776104,0.00660924,0.0,0.016936118,-0.0022477428,-0.0054264567,-0.006904106,0.0,-0.049202386,-0.014484284,0.0,0.0,-0.0453089,-0.039273273,-0.04736337,0.039565768,0.0,0.011514548,-0.0044192537,0.0,0.0044522374,-0.073890805,0.0,0.006831687,0.0,-0.0061301705,-6.855419e-05,0.0,0.0,0.0,0.0018465696,0.0,0.0035528704,0.0,-0.009987822,0.0029448727,-0.06335028,-0.007983587,0.0,0.0045364276,-0.008994743,-0.01019715,0.0,0.017530687,0.0,0.0,0.00028385513,0.0,0.0,0.0,0.0,0.0,-0.015505681,0.014960866,-0.029422536,0.021406,0.004662535,0.0007968549,0.0,0.0,0.0,-0.005241462,0.0,0.004193795,0.0,-0.0083025545,0.0107807405,0.0014534653,-0.007829264
-0.050188854,-0.0046904758,0.003376793,-0.012440017,0.038725786,-0.00088237383,0.028958548,-0.0011898184,0.0029106033,-0.00994115,-0.029583512,0.0,0.0,0.017517693,0.026976172,0.045936696,0.020693297,0.0031151182,0.0057803765,0.0,0.042835504,0.0,-0.024052303,0.004630617,-0.012844378,0.0,0.0018962104,-0.06395022,-0.005989272,-0.010408452,-0.017630976,-0.00041908748,0.0066325124,0.0,0.01231328,-0.011519326,-0.008317374,-0.0009820531,0.0,-0.08123388,-0.0013298972,0.0,0.0,0.047263604,-0.02107511,0.016607936,0.027264303,0.0,-0.02464304,0.015389173,0.0,-0.0037792202,-0.043413386,0.0,0.0038489613,0.0,0.0050186734,-0.026265549,0.0,0.0,0.0,0.0028901494,0.0,0.0053862296,0.0,-0.0025914211,-0.003051048,-0.023199905,0.008215576,0.0,0.015053543,-0.0110786315,-0.01019715,0.0,-0.0352415,0.0,0.0,0.00028385513,0.0,0.0,0.0,0.0,0.0,-0.004280847,-0.04388459,-0.0022571292,-0.0038193553,-0.008571075,-0.004200843,0.0,0.0,0.0,0.0069359993,0.0,0.004193795,0.0,-0.0015058785,0.012139341,0.0014534653,-0.019034397
-0.053069737,0.107000396,0.15556014,-0.0142875025,-0.010219589,0.00046189982,-0.11974929,-0.0018040134,0.002718688,-0.0059927795,0.024124984,0.0,0.0,-0.004056139,-0.0022329255,0.06445152,-0.06318126,0.0036175838,0.004814854,0.0,-0.0034902217,0.0,0.007983317,-0.0068559647,-0.01253905,0.0,0.0018962104,0.010419947,-0.00722735,0.0351417,0.007840818,0.0047328314,0.0074663986,0.0,-0.03707048,-0.0022477428,0.019388452,-0.0015671928,0.0,-0.023788746,-0.0055302195,0.0,0.0,-0.030512441,-0.035687868,7.718522e-05,0.039115883,0.0,0.011514548,-0.023546528,0.0,0.0044522374,0.056145843,0.0,-0.008444201,0.0,-0.021369582,0.012809541,0.0,0.0,0.0,0.0022697174,0.0,-0.00036417705,0.0,0.018651273,0.0032758752,0.010757061,-0.007983587,0.0,-0.0021971506,0.010448709,-0.003389816,0.0,0.013605911,0.0,0.0,-0.004953538,0.0,0.0,0.0,0.0,0.0,0.0003175733,0.07201268,-0.05897457,0.0072407583,-0.0062085968,-0.0026561832,0.0,0.0,0.0,0.023687191,0.0,0.004447287,0.0,-0.017222393,-0.038387552,0.0014534653,-0.012621965
0.13536644,0.00065219775,0.0032164224,-0.0132959755,0.014646912,-0.00088237383,0.024622003,-0.0026003353,0.0029106033,-0.008766078,0.086660385,0.0,0.0,-0.004385305,0.018357202,0.047515843,0.06058374,0.028807018,0.005733643,0.0,0.016519653,0.0,-0.011638148,0.004630617,-0.002156368,0.0,0.0018962104,0.008092209,-0.0027418218,-0.005020243,-0.012448857,-0.00041908748,0.023726394,0.0,0.042137697,-0.004163184,0.005093036,-0.0009820531,0.0,-0.08418064,-0.0055302195,0.0,0.0,-0.03400201,-0.01823484,-2.7064001e-05,0.027264303,0.0,0.024080986,0.012143649,0.0,-0.0037792202,-0.02213293,0.0,0.0038489613,0.0,0.004110525,0.021045487,0.0,0.0,0.0,0.0020998456,0.0,0.0063803876,0.0,-0.0014489244,0.010412517,-0.02282247,0.022314074,0.0,-0.011887816,-0.0100942515,-0.0040130788,0.0,0.010116344,0.0,0.0,0.00028385513,0.0,0.0,0.0,0.0,0.0,0.009191046,-0.02920719,0.01815679,-0.00542477,-0.008640155,0.001260253,0.0,0.0,0.0,0.00012067193,0.0,0.014944635,0.0,0.0080813235,-0.15820915,0.0037833753,-0.019034397
-0.06379813,0.05178532,-0.0057696057,-0.0026675914,-0.010482999,0.00046189982,0.04174486,-0.0011844123,0.014247557,-0.0114652235,-0.018051352,0.0,0.0,-0.010959236,0.00216858,-0.20058805,-0.0677053,0.0036175838,-0.050835975,0.0,-0.0031343256,0.0,-0.024449315,0.000729162,-0.013857475,0.0,-0.0037924207,-0.008882683,-0.007151887,0.03592509,0.01410632,0.0047328314,0.00408172,0.0,-0.00032875407,0.012202034,-0.021023765,-0.006904106,0.0,-0.012350443,-0.014484284,0.0,0.0,-0.03171235,-0.023235602,0.008651665,0.05138141,0.0,0.0088507,-0.013849709,0.0,-0.013748814,0.08194171,0.0,-0.0044002035,0.0,-0.0012155944,0.021045487,0.0,0.0,0.0,0.002964636,0.0,-0.013800418,0.0,-0.002797692,0.0032758752,0.006624561,-0.008536999,0.0,-0.0021971506,0.013994763,-0.003389816,0.0,0.013605911,0.0,0.0,-0.0023651537,0.0,0.0,0.0,0.0,0.0,-0.01064894,0.032996636,0.08955581,0.0072407583,0.009124398,-0.004200843,0.0,0.0,0.0,-0.033799868,0.0,0.0021692698,0.0,-0.017222393,-0.03727365,0.0014534653,-0.010754377
0.0762286,0.07900123,0.0016096691,-0.059044756,0.0049139573,-0.0005263691,0.010982274,0.0038247267,0.0029106033,0.13741113,-0.04301634,0.0,0.0,0.045048356,0.009654116,0.053024586,0.015610157,0.0031151182,0.0035201064,0.0,0.010071676,0.0,-0.031323012,0.004630617,0.06843406,0.0,0.0015306954,-0.017754182,0.050565254,-0.0033022694,0.02753143,-0.0009778708,0.0060331714,0.0,0.009177551,-0.011519326,-0.011406857,-0.0015671928,0.0,0.15282425,0.005103543,0.0,0.0,0.015228866,-0.012864711,0.016607936,0.02666335,0.0,0.010861648,0.033528946,0.0,0.01771217,0.032716148,0.0,0.0038489613,0.0,0.013416423,0.018857945,0.0,0.0,0.0,0.0028901494,0.0,-0.0030203257,0.0,-0.0008987,-0.0051272297,0.10484,0.03029459,0.0,0.003146869,-0.024462257,-0.0015369237,0.0,-0.033036973,0.0,0.0,0.0016911139,0.0,0.0,0.0,0.0,0.0,0.0062916605,-0.03403497,0.0026587974,-0.008902496,-0.0071598813,0.001260253,0.0,0.0,0.0,0.004742572,0.0,-0.028394807,0.0,-0.0014403383,0.02384035,-0.09170114,0.06087705
-0.040695164,-0.008173247,0.0027793525,-0.009868284,0.038725786,-0.00088237383,-0.023213293,-0.0018285995,0.0029106033,-0.014781526,-0.029583512,0.0,0.0,0.009663023,0.015904605,0.015695438,0.019719088,0.0031151182,0.0050675133,0.0,-0.014475365,0.0,0.0033830446,0.01601886,-0.0060729673,0.0,0.0015306954,0.02893113,-0.011907423,-0.005020243,0.007180754,-0.00041908748,0.023726394,0.0,0.041750714,-0.011519326,0.057478603,-0.0015671928,0.0,-0.06445221,0.01991356,0.0,0.0,-0.016283436,-0.030960029,-2.7064001e-05,0.030798865,0.0,-0.093496166,0.009325165,0.0,0.009115867,-0.0691226,0.0,0.0038489613,0.0,0.011822472,-0.007882143,0.0,0.0,0.0,0.0020998456,0.0,0.0053862296,0.0,-0.0025914211,0.0032758752,0.0038539134,0.0042493283,0.0,0.0045364276,-0.011449899,-0.01019715,0.0,0.013605911,0.0,0.0,-0.021488618,0.0,0.0,0.0,0.0,0.0,0.0054433113,-0.037686087,-0.012379737,-0.0038193553,-0.00996244,0.001260253,0.0,0.0,0.0,-0.005241462,0.0,0.014944635,0.0,-0.0069567887,-0.036497265,0.0014534653,-0.025545023
0.11648041,0.003870495,-0.0049989494,-0.08189447,0.0059055705,-0.00088237383,-0.007991446,-0.020739201,0.0029106033,0.115848795,-0.020625139,0.0,0.0,0.011498739,0.026273774,0.024886884,0.015610157,0.0031151182,0.0069279284,0.0,0.006302504,0.0,-0.013399041,0.004630617,-0.008608672,0.0,0.0015306954,0.055159308,0.052033324,-0.010408452,-0.0047317897,-0.0009778708,-0.064942226,0.0,0.0010062843,-0.011519326,0.046260796,-0.0009820531,0.0,-0.11060026,0.005103543,0.0,0.0,0.009350969,-0.021032233,0.016607936,0.032021366,0.0,0.010434883,-0.019090232,0.0,0.034423053,-0.028092232,0.0,0.0038489613,0.0,0.0065589864,0.010466661,0.0,0.0,0.0,0.0028901494,0.0,0.003270612,0.0,-0.0014489244,-0.017041497,0.10460035,0.03029459,0.0,-0.011887816,-0.015303846,-0.0024761548,0.0,-0.011412583,0.0,0.0,0.0008649207,0.0,0.0,0.0,0.0,0.0,0.0053273235,-0.04388459,0.0011090506,-0.008902496,-0.0071598813,0.010840668,0.0,0.0,0.0,0.0063328412,0.0,-0.00981841,0.0,0.0080813235,0.008889283,0.0024461912,-0.019034397
-0.019560862,0.08709738,-0.00015287055,-0.012942535,0.0126487445,-0.00088237383,0.023317158,-5.422067e-05,0.0029106033,-0.0114652235,-0.027542869,0.0,0.0,0.015098769,0.01043053,0.06306583,0.020693297,0.0031151182,0.0057803765,0.0,-0.004722393,0.0,0.016415086,0.004630617,-0.012844378,0.0,0.0018962104,-0.06255015,-0.004905167,-0.005020243,-0.017708,-0.00041908748,0.0070897588,0.0,0.0021811523,-0.011519326,0.033354383,-0.0009820531,0.0,-0.016363818,0.01991356,0.0,0.0,-0.016283436,-0.013206979,0.008651665,0.02877216,0.0,0.010622571,0.009325165,0.0,-0.0037792202,0.08045938,0.0,0.0038489613,0.0,0.04121276,-0.007882143,0.0,0.0,0.0,0.002964636,0.0,0.006369622,0.0,-0.0013014507,0.005230367,-0.014704887,0.008215576,0.0,0.003146869,-0.007821845,-0.003389816,0.0,0.013605911,0.0,0.0,0.0057064393,0.0,0.0,0.0,0.0,0.0,-0.00094861886,-0.04388459,-0.026905838,-0.0038193553,-0.008571075,0.001260253,0.0,0.0,0.0,0.015541231,0.0,0.004193795,0.0,-0.017222393,0.0072187763,0.0014534653,-0.025545023
-0.05357635,0.08838934,-0.0040528383,-0.0014148032,-0.016306339,0.00046189982,-0.03550021,-0.0006625216,0.014247557,-0.0114652235,-0.0004395824,0.0,0.0,0.0116141625,-0.058035195,0.058504924,-0.062216338,-0.0003455216,0.007339879,0.0,-0.0031343256,0.0,0.007983317,0.0058792485,-0.013143675,0.0,0.0018962104,0.010755436,-0.011907423,-0.005020243,0.007180754,-0.0015776104,0.00698588,0.0,-0.03224872,-0.0022477428,0.042677775,-0.0015671928,0.0,-0.016363818,0.01991356,0.0,0.0,-0.029879987,-0.014333757,0.008651665,0.039115883,0.0,-0.093496166,-0.0083781,0.0,0.009795748,0.08615798,0.0,0.05507097,0.0,-0.021369582,0.012500659,0.0,0.0,0.0,0.002964636,0.0,-0.0074838684,0.0,-0.002797692,0.005230367,-0.027660483,-0.007983587,0.0,-0.0021971506,0.01436603,-0.003389816,0.0,0.017530687,0.0,0.0,-0.011399429,0.0,0.0,0.0,0.0,0.0,0.002006157,0.121496,-0.012560156,-0.006019533,0.0025940873,0.00076906994,0.0,0.0,0.0,0.015541231,0.0,0.004447287,0.0,-0.017222393,0.010434745,0.0014534653,-0.012621965
-0.015682189,0.13112955,0.000529082,-0.009104338,-0.012010671,0.0005263691,-0.028874015,-0.003955435,0.004366635,-0.009624369,0.01971695,0.0,0.0,0.04862179,0.0046339124,0.033803716,-0.039524127,0.002125168,0.0050675133,0.0,-0.004722393,0.0,0.016415086,0.01601886,0.10172796,0.0,0.0015306954,-0.01773797,-0.00849731,-0.005020243,0.025239188,-0.011415371,0.00698588,0.0,-0.04435208,-0.0015403315,0.043754835,-0.0015671928,0.0,0.015606959,0.01991356,0.0,0.0,-0.029879987,-0.012696525,0.008651665,0.030750066,0.0,0.003260399,0.07140054,0.0,0.008215193,0.10359604,0.0,0.00853776,0.0,0.07400555,0.021045487,0.0,0.0,0.0,0.002964636,0.0,-0.00062678114,0.0,-0.002797692,0.005230367,-0.020056933,-0.007983587,0.0,0.003146869,-0.013034163,-0.003389816,0.0,0.017530687,0.0,0.0,0.0011100484,0.0,0.0,0.0,0.0,0.0,0.06028769,-0.014730671,-0.013664334,0.016993884,-0.0065452857,0.001260253,0.0,0.0,0.0,0.012882931,0.0,0.004447287,0.0,-0.014787279,-0.02120318,0.0014534653,-0.025545023
0.008014381,0.08090101,-0.0037605485,-0.0073589636,-0.016306339,0.00046189982,0.023356229,-0.00169669,0.014247557,-0.009624369,-0.0004395824,0.0,0.0,-0.008246062,0.00030655134,0.050695837,-0.03657319,0.0036175838,0.007996386,0.0,-0.0031343256,0.0,0.007983317,0.0012784952,-0.011338513,0.0,0.0018962104,0.009111409,-0.00722735,-0.005020243,0.007840818,0.0047328314,0.0074663986,0.0,-0.03224872,-0.0022477428,-0.033095703,-0.0015671928,0.0,0.018677343,-0.0055302195,0.0,0.0,-0.030512441,-0.019267393,-0.024673266,0.034358818,0.0,0.011514548,0.0006238064,0.0,-0.0042892974,0.08615798,0.0,-0.0015121833,0.0,-0.021369582,0.021045487,0.0,0.0,0.0,0.002501432,0.0,-0.0074838684,0.0,-0.002797692,0.005230367,-0.027660483,-0.015435327,0.0,-0.0021971506,0.01436603,-0.003389816,0.0,0.013605911,0.0,0.0,-0.012064742,0.0,0.0,0.0,0.0,0.0,-0.00019134884,0.008304435,-0.027434338,0.02038501,-0.0050710514,-0.004200843,0.0,0.0,0.0,0.015541231,0.0,0.004447287,0.0,-0.017222393,-0.0026200926,0.0014534653,-0.019034397
-0.042676333,0.060889013,-0.0037605485,-0.0067147505,-0.010219589,0.00046189982,-0.06800131,-0.00015024387,0.002718688,-0.009624369,-0.0087310355,0.0,0.0,-0.007364552,-0.052297674,0.08514786,-0.020150324,0.0036175838,-0.11613453,0.0,-0.0031343256,0.0,0.0041450467,0.00038661552,-0.017105415,0.0,0.0011968865,-0.009499029,-0.0038107848,0.10241521,0.007840818,0.0047328314,0.009073973,0.0,-0.005476283,-0.0022477428,0.0026252382,-0.0015671928,0.0,0.02943251,-0.006479375,0.0,0.0,0.06843867,-0.011494187,-0.024673266,0.02262044,0.0,0.021087296,-0.014946513,0.0,0.0043633264,0.073046595,0.0,-0.015972253,0.0,-0.021369582,-0.009077078,0.0,0.0,0.0,0.002501432,0.0,-0.0017514682,0.0,0.018651273,0.0032758752,0.010757061,-0.005628639,0.0,-0.012779724,0.010448709,-0.003389816,0.0,0.06594418,0.0,0.0,0.0057064393,0.0,0.0,0.0,0.0,0.0,0.0011652985,0.06687017,0.07559243,0.02038501,0.0009277547,-0.0025635664,0.0,0.0,0.0,-0.028341625,0.0,0.0021692698,0.0,0.027838811,-0.04725354,0.0009477245,-0.007974381
-0.020160459,0.11501748,0.002647434,-0.022634491,0.012864153,-0.00088237383,0.020364478,-0.003975612,0.007091669,-0.0114652235,-0.018170694,0.0,0.0,-0.0044319984,0.0076202764,0.058928534,0.066572905,0.0047727176,0.0038300937,0.0,-0.0031343256,0.0,-0.0973019,0.0012784952,-0.017849356,0.0,0.0018962104,0.0035784664,-0.0063993996,-0.005020243,0.007180754,0.0012572623,0.0074663986,0.0,-0.0370269,-0.004329458,0.022634026,-0.0015671928,0.0,-0.0071308287,-0.014484284,0.0,0.0,-0.03171235,-0.02365137,0.008651665,0.034312345,0.0,-0.009311987,0.0075504696,0.0,-0.005133669,0.049733736,0.0,0.00853776,0.0,0.0023443634,-0.026265549,0.0,0.0,0.0,0.002964636,0.0,0.030927299,0.0,-0.0013014507,0.0032758752,0.008018002,-0.015435327,0.0,-0.0021971506,-0.035098754,-0.003389816,0.0,0.013605911,0.0,0.0,-0.004953538,0.0,0.0,0.0,0.0,0.0,-0.003692535,0.051977757,-0.013654377,-0.008839079,0.02154493,-0.004200843,0.0,0.0,0.0,0.017307136,0.0,0.004447287,0.0,-0.017222393,-0.03907603,0.0014534653,-0.019034397
0.0052347966,-0.022070408,0.0062716226,-0.011922513,0.040894896,-0.00088237383,0.019849025,-0.0011898184,0.0029106033,-0.014781526,-0.028697718,0.0,0.0,-0.004296666,0.013730818,-0.054030776,0.02238109,0.0031151182,0.00572402,0.0,-0.01578506,0.0,0.00406385,0.0012784952,-0.004741894,0.0,0.0015306954,-0.06373189,-0.007151887,0.019482493,0.027680198,-0.0009778708,0.0070897588,0.0,0.01770143,-0.011519326,0.045336597,-0.006904106,0.0,-0.009531063,0.01991356,0.0,0.0,-0.016283436,-0.024024347,0.008651665,0.040251996,0.0,0.0088507,0.020244284,0.0,-0.0041204207,-0.05373098,0.0,0.00853776,0.0,0.011822472,0.021045487,0.0,0.0,0.0,0.002964636,0.0,0.0053862296,0.0,-0.0025914211,0.005230367,-0.032087214,-0.04192341,0.0,0.0045364276,-0.0110786315,-0.01019715,0.0,0.013605911,0.0,0.0,-0.0017943652,0.0,0.0,0.0,0.0,0.0,0.014408064,-0.036155418,-0.03669413,-0.01050791,-0.009432116,0.001260253,0.0,0.0,0.0,0.008067649,0.0,0.004193795,0.0,-0.0053736465,0.0020848308,0.0014534653,-0.019034397
0.100865394,-0.004600576,0.0033691823,-0.009195631,0.0059055705,-0.00088237383,-0.01113466,-0.019967465,0.0029106033,-0.0069252243,0.08201961,0.0,0.0,0.021665433,0.030698318,0.0017419327,0.05243961,0.028807018,0.006984285,0.0,0.045018326,0.0,-0.011638148,0.004630617,-0.0058355643,0.0,0.0018962104,-0.06013647,-0.0026095628,-0.010408452,0.013099961,-0.00041908748,-0.08716521,0.0,0.0081412755,-0.004163184,0.015582811,-0.0015671928,0.0,-0.02573227,0.005103543,0.0,0.0,0.009350969,-0.011740432,0.016607936,0.029555282,0.0,0.024972964,0.011713697,0.0,0.034423053,-0.028092232,0.0,0.0038489613,0.0,0.0065589864,0.021045487,0.0,0.0,0.0,0.0028901494,0.0,-0.004003718,0.0,-0.0014489244,-0.0051272297,0.15015706,0.022314074,0.0,0.015053543,-0.027719043,-0.0040130788,0.0,-0.011412583,0.0,0.0,-0.00045740197,0.0,0.0,0.0,0.0,0.0,0.011207065,-0.02920719,0.01815679,-0.0038193553,-0.0071598813,0.001260253,0.0,0.0,0.0,0.00012067193,0.0,0.0051675835,0.0,0.0007122578,0.013748472,0.0024461912,-0.025545023
0.010516046,0.10001403,-0.050544802,0.0001365995,-0.020889355,0.004134611,-0.06486746,-0.00015024387,0.002718688,-0.009624369,0.000777144,0.0,0.0,0.06707304,-0.043451466,-0.14767006,-0.03709125,-0.053609658,-0.008549426,0.0,-0.006412994,0.0,0.007983317,-0.0007720047,0.013410686,0.0,0.028561762,0.11702817,-0.0089598,0.045328043,0.03150469,-0.0015776104,0.0036012013,0.0,-0.024730505,-0.0022477428,-0.0075148838,-0.006904106,0.0,-0.01419048,-0.012859812,0.0,0.0,-0.029656507,-0.0031125927,-0.01967025,0.053010404,0.0,0.003260399,-0.0027874757,0.0,0.012550635,0.103058726,0.0,-0.004542363,0.0,-0.021369582,0.00022448879,0.0,0.0,0.0,0.0010828488,0.0,-0.0008389185,0.0,-0.002797692,0.0029448727,-0.04290803,-0.005628639,0.0,0.003146869,0.0129038645,-0.003389816,0.0,0.017530687,0.0,0.0,0.0057064393,0.0,0.0,0.0,0.0,0.0,0.09644738,0.043037623,0.052908618,0.010789477,0.005827005,-0.0025635664,0.0,0.0,0.0,0.012952987,0.0,0.0021692698,0.0,0.030273926,0.04682252,0.00094185467,-0.010754377
0.08420002,0.017315583,-0.010565199,0.026838366,0.0059055705,-0.00088237383,0.008792908,0.021599732,0.0029106033,0.115848795,0.13459931,0.0,0.0,0.021665433,0.009654116,0.09643631,0.05243961,0.028807018,0.0035764633,0.0,-0.006613856,0.0,-0.011638148,-0.015377699,-0.0058355643,0.0,0.0018962104,0.038868494,0.1734859,-0.0033022694,-0.00762905,-0.00041908748,-0.034212697,0.0,0.01852896,-0.004163184,0.015582811,-0.0009820531,0.0,0.20638986,0.005103543,0.0,0.0,0.015228866,-0.012184014,0.0069447863,0.027264303,0.0,-0.034215823,0.037883267,0.0,0.01771217,-0.028092232,0.0,0.0010100051,0.0,0.0065589864,0.018857945,0.0,0.0,0.0,-0.100191854,0.0,-0.004003718,0.0,-0.0014489244,-0.0051272297,0.20825183,0.03029459,0.0,0.0064914343,-0.027719043,-0.0024761548,0.0,-0.033036973,0.0,0.0,-0.005255234,0.0,0.0,0.0,0.0,0.0,0.011207065,-0.012040477,-0.0055623427,-0.0038193553,-0.0071598813,0.001260253,0.0,0.0,0.0,0.00012067193,0.0,-0.00981841,0.0,0.0007122578,0.0020914664,-0.09170114,0.020375106
-0.087808914,-0.048450463,0.0032164224,-0.022987932,0.038725786,-0.00088237383,0.02419855,-0.0026003353,0.0029106033,-0.0117820045,-0.006787629,0.0,0.0,0.010195194,-0.030059794,0.016360953,0.06243551,0.0047727176,0.007996386,0.0,0.014336828,0.0,0.00406385,0.004630617,-0.009260839,0.0,0.0018962104,0.019226436,-0.0051660934,-0.005020243,0.0059376536,-0.00041908748,0.023779286,0.0,0.033660337,-0.004329458,-0.00090941717,-0.0015671928,0.0,-0.0068874834,-0.0013298972,0.0,0.0,0.011823402,-0.02762805,0.008651665,0.019060487,0.0,-0.009311987,0.0025856884,0.0,-0.0037792202,-0.0691226,0.0,0.00853776,0.0,0.011822472,-0.026265549,0.0,0.0,0.0,0.002964636,0.0,0.0052372287,0.0,-0.0025914211,0.0032758752,0.004310223,0.008215576,0.0,-0.014103825,-0.011449899,-0.01019715,0.0,-0.03419328,0.0,0.0,-0.000584387,0.0,0.0,0.0,0.0,0.0,0.0070584314,0.051977757,-0.017670922,-0.011688802,0.026064701,0.001260253,0.0,0.0,0.0,0.009512522,0.0,0.014944635,0.0,-0.0069567887,-0.039181635,0.0014534653,-0.014386813
-0.033794247,-0.040331658,0.0001841085,0.015174776,0.0059055705,-0.0005263691,-0.006471593,-0.019967465,0.0029106033,0.09602834,-0.01802373,0.0,0.0,0.021665433,0.05102714,0.019707926,0.018073725,-0.010224979,0.0054951175,0.0,0.00921812,0.0,-0.013399041,-0.00010438892,0.024388775,0.0,0.0015306954,-0.08841584,-0.0030736756,-0.0033022694,0.012359601,-0.00041908748,-0.06792888,0.0,0.009116685,-0.011519326,0.015103554,-0.0015671928,0.0,0.10595174,0.005103543,0.0,0.0,0.06792877,0.22712342,0.0069447863,0.013402818,0.0,0.024972964,-0.056646552,0.0,0.01771217,-0.021016002,0.0,0.0038489613,0.0,0.0065589864,0.021045487,0.0,0.0,0.0,-0.100191854,0.0,-0.004003718,0.0,-0.0014489244,-0.0051272297,0.24657308,0.03029459,0.0,0.003411547,-0.027719043,-0.0024761548,0.0,0.063714154,0.0,0.0,-0.00045740197,0.0,0.0,0.0,0.0,0.0,0.02583987,-0.04503312,0.020744355,-0.0038193553,-0.0071598813,0.001260253,0.0,0.0,0.0,0.003674541,0.0,-0.00981841,0.0,0.0012347236,0.074549,-0.046966877,-0.029751815
0.023076734,-0.11784897,0.003071642,-0.012028121,0.038725786,-0.00088237383,0.0337248,-0.0026003353,0.0029106033,-0.012940672,0.054684874,0.0,0.0,-0.0024968989,0.018357202,0.04392371,0.06751759,0.028807018,0.0056081237,0.0,-0.01578506,0.0,-0.024052303,0.0012784952,-0.00572283,0.0,-0.0037924207,-0.011009231,-0.0051208003,-0.005020243,-0.0041341223,0.002933612,0.017595919,0.0,0.029057017,0.02260014,-0.009184912,-0.0009820531,0.0,0.00065442757,-0.0055302195,0.0,0.0,-0.03400201,-0.026546227,0.016607936,0.026437923,0.0,0.021417137,0.023013806,0.0,-0.004964792,-0.022281483,0.0,0.0038489613,0.0,0.010758955,0.021045487,0.0,0.0,0.0,0.0028901494,0.0,0.0052372287,0.0,-0.0025914211,0.005230367,-0.03496682,0.022314074,0.0,0.0045364276,-0.0110786315,-0.01019715,0.0,0.010116344,0.0,0.0,-0.00056435505,0.0,0.0,0.0,0.0,0.0,0.01211419,-0.012566653,0.01815679,-0.016157351,-0.010628775,0.001260253,0.0,0.0,0.0,0.008380872,0.0,-0.028394807,0.0,-0.0005208547,0.009686575,0.0037833753,-0.019034397
-0.07827357,-0.024791587,0.003376793,-0.012440017,0.038725786,-0.00088237383,0.025092348,-0.0011898184,0.0029106033,-0.00994115,-0.0319267,0.0,0.0,0.017349752,0.0068911365,0.037410766,0.01659827,0.0070782234,0.0016140847,0.0,0.014336828,0.0,0.00406385,0.0019858484,-0.013474073,0.0,0.0018962104,-0.057859126,-0.008859298,-0.005020243,0.0059376536,-0.00041908748,0.0070897588,0.0,0.016936118,-0.011519326,0.054284483,-0.0015671928,0.0,0.023690082,0.01991356,0.0,0.0,-0.016099013,-0.027359664,0.008651665,0.02374029,0.0,-0.02573125,0.008649696,0.0,-0.0046441443,-0.0691226,0.0,0.0038489613,0.0,0.011822472,-0.026265549,0.0,0.0,0.0,0.002964636,0.0,0.006002201,0.0,-0.0025914211,0.005230367,-0.031630903,-0.015435327,0.0,-0.011887816,-0.0110786315,-0.01019715,0.0,0.013605911,0.0,0.0,-0.0043827496,0.0,0.0,0.0,0.0,0.0,-0.0075165853,-0.042687934,0.0017594146,-0.0076024574,-0.007374416,-0.004200843,0.0,0.0,0.0,0.008067649,0.0,0.004193795,0.0,-0.0083025545,-0.003132217,0.0014534653,-0.014386813
-0.055245657,0.107000396,-0.0051690727,-0.007310288,-0.010219589,0.00046189982,-0.10991971,-0.00169669,-0.054553624,-0.0114652235,0.024124984,0.0,0.0,-0.004056139,-0.0032536052,0.08514786,-0.06533575,0.0036175838,0.017383622,0.0,-0.0031343256,0.0,0.007983317,0.00038661552,-0.015075112,0.0,0.0015306954,0.0143619,-0.00722735,0.10241521,0.007840818,-0.0015776104,0.0074663986,0.0,-0.060942203,-0.0022477428,0.030025247,-0.0015671928,0.0,-0.0029250588,-0.014484284,0.0,0.0,-0.03171235,-0.005264784,-0.024673266,0.039115883,0.0,0.011514548,-0.006333228,0.0,0.009171838,0.056145843,0.0,-0.015972253,0.0,-0.021369582,0.021045487,0.0,0.0,0.0,0.002501432,0.0,-0.00036417705,0.0,0.018651273,0.0032758752,0.010757061,-0.005628639,0.0,-0.0021971506,-0.008841665,-0.003389816,0.0,0.013605911,0.0,0.0,-0.004953538,0.0,0.0,0.0,0.0,0.0,0.00017023343,0.07201268,0.09958017,0.005867931,-0.0056127133,-0.004200843,0.0,0.0,0.0,0.023687191,0.0,0.004447287,0.0,-0.017222393,-0.038015466,0.0014534653,-0.012621965
-0.08962385,-0.028725345,-0.0049498132,0.02479206,-0.039717883,0.00046189982,0.030850727,-0.0011898184,0.0029106033,-0.012940672,-0.011919982,0.0,0.0,-0.005479239,0.007027208,-0.015184615,0.06573793,0.040282138,0.002146667,0.0,-0.014475365,0.0,0.0025878935,0.0021947464,-0.016007625,0.0,-0.057123538,0.03738045,-0.013006317,0.019482493,0.017134087,0.0012572623,0.00660924,0.0,0.033879906,-0.004329458,0.0055872397,-0.006904106,0.0,0.021509498,0.03729661,0.0,0.0,-0.03520857,-0.023039801,0.0043377075,0.039565768,0.0,-0.07385334,0.010412192,0.0,-0.011423573,-0.073890805,0.0,0.00853776,0.0,-0.0061301705,-0.01718371,0.0,0.0,0.0,0.0014139117,0.0,0.006002201,0.0,-0.009987822,0.005230367,-0.047101036,0.008215576,0.0,0.0045364276,-0.0110786315,-0.01019715,0.0,0.017530687,0.0,0.0,-0.021488618,0.0,0.0,0.0,0.0,0.0,-0.0043827137,0.084726736,-0.019029915,-0.009766655,0.039944757,-0.004200843,0.0,0.0,0.0,0.008067649,0.0,0.004193795,0.0,-0.0083025545,0.10952823,0.00094185467,-0.014386813
0.023329562,-0.110042125,0.003071642,-0.012793458,0.038725786,-0.00088237383,0.023077007,-0.0011898184,0.0029106033,-0.012940672,-0.029583512,0.0,0.0,-0.0045532463,0.022046074,0.023676801,0.02883743,0.0070782234,0.008210527,0.0,-0.01578506,0.0,0.00406385,0.0019858484,-0.017391067,0.0,0.019123677,0.06783813,-0.0072841453,-0.005020243,0.017304987,-0.00041908748,0.0070897588,0.0,0.03477943,-0.011519326,-0.017859599,-0.0015671928,0.0,0.015961424,-0.0055302195,0.0,0.0,-0.03400201,-0.018548422,0.008651665,0.0287289,0.0,0.007958723,0.011713697,0.0,0.00010100752,-0.05373098,0.0,0.0038489613,0.0,0.011822472,0.021045487,0.0,0.0,0.0,0.002964636,0.0,0.0053862296,0.0,-0.0025914211,0.0032758752,0.0038539134,0.022314074,0.0,0.0045364276,-0.011449899,-0.01019715,0.0,0.010116344,0.0,0.0,-0.0017943652,0.0,0.0,0.0,0.0,0.0,0.015706321,-0.04388459,-0.027134676,-0.00542477,-0.008640155,0.001260253,0.0,0.0,0.0,0.008067649,0.0,0.004193795,0.0,-0.0005208547,-0.032139704,0.00094185467,-0.019034397
0.04260701,0.014618288,0.0063415607,-0.0037319371,0.016816022,-0.00088237383,0.03807312,-0.0011898184,0.0029106033,-0.008743547,-0.028366785,0.0,0.0,-0.016955385,0.012782594,-0.16833422,0.02883743,0.0070782234,0.005654857,0.0,0.03032337,0.0,-0.017239805,0.000729162,-0.014715545,0.0,-0.0037924207,-0.06755088,-0.0049885414,0.019482493,0.019365463,-0.00041908748,0.0013132361,0.0,0.01770143,-0.011519326,0.038785532,-0.006904106,0.0,-0.0032969797,0.01991356,0.0,0.0,-0.007623801,-0.017352354,0.008651665,0.03549493,0.0,0.022309115,0.012819063,0.0,-0.013748814,-0.02213293,0.0,0.00073553226,0.0,0.004110525,0.021045487,0.0,0.0,0.0,0.002964636,0.0,0.005903515,0.0,-0.0014489244,0.029213995,0.08253007,0.022314074,0.0,0.015053543,-0.008273842,0.026949612,0.0,0.011289124,0.0,0.0,-0.0017943652,0.0,0.0,0.0,0.0,0.0,-0.015126943,-0.028913926,0.0105293235,-0.00542477,-0.04791677,-0.004200843,0.0,0.0,0.0,0.0069359993,0.0,0.004193795,0.0,-0.001005009,0.00919354,0.0014534653,-0.012476848
0.02347063,-0.0955466,0.0029321127,-0.009195631,0.0059055705,-0.00088237383,-0.020738933,-0.00041808258,0.0029106033,-0.009924746,0.08201961,0.0,0.0,0.011330798,0.020148244,0.024886884,0.047044545,0.028807018,0.005733643,0.0,-0.039852053,0.0,-0.011638148,0.004630617,-0.007916957,0.0,0.0018962104,-0.009757405,-0.009042855,-0.010408452,-0.097816855,-0.0009778708,0.010964497,0.0,0.03762291,-0.004163184,0.06311914,-0.0009820531,0.0,-0.12475059,0.005103543,0.0,0.0,0.042921882,-0.017149167,0.016607936,0.020437274,0.0,-0.1088272,0.026971512,0.0,-0.0037792202,-0.030540694,0.0,0.0038489613,0.0,0.004110525,0.021045487,0.0,0.0,0.0,0.0028901494,0.0,-0.004003718,0.0,-0.0014489244,-0.017041497,0.100764126,-0.04192341,0.0,0.0045364276,-0.015303846,-0.0040130788,0.0,0.039900094,0.0,0.0,-0.021488618,0.0,0.0,0.0,0.0,0.0,0.011207065,-0.028010532,-0.0044179577,-0.008902496,-0.0059632217,-0.004200843,0.0,0.0,0.0,0.00012067193,0.0,-0.007968209,0.0,0.0007122578,-0.00050417637,0.0037833753,-0.025545023
0.16167419,0.00065219775,0.0032164224,-0.0132959755,0.0059055705,-0.00088237383,-0.006235157,-0.0018285995,0.0029106033,-0.008766078,-0.02875432,0.0,0.0,0.011498739,0.0044573788,0.016360953,0.020693297,0.0031151182,0.0069279284,0.0,0.016519653,0.0,-0.011638148,0.004630617,-0.0046924297,0.0,0.0015306954,0.09704602,-0.0041744336,-0.005020243,0.016960558,-0.00041908748,0.028718647,0.0,0.040326446,-0.011519326,0.017795688,-0.0015671928,0.0,-0.013386997,-0.0013298972,0.0,0.0,0.06623433,-0.010121123,0.008651665,0.029555282,0.0,-0.0069702705,0.010497784,0.0,0.034423053,-0.028092232,0.0,0.0038489613,0.0,0.0065589864,0.039209165,0.0,0.0,0.0,0.002964636,0.0,0.0063803876,0.0,-0.0014489244,0.010412517,0.03224629,0.03029459,0.0,-0.011887816,-0.0100942515,-0.0040130788,0.0,0.06594418,0.0,0.0,0.00028385513,0.0,0.0,0.0,0.0,0.0,0.00479002,-0.04388459,-0.0014481479,-0.0038193553,-0.0071598813,-0.004200843,0.0,0.0,0.0,0.00012067193,0.0,0.014944635,0.0,0.0080813235,-0.17394997,0.0024461912,-0.025545023
-0.06658644,0.099067256,-0.0050079655,0.0017884109,-0.020889355,0.00046189982,-0.11126824,-0.00169669,0.014247557,-0.0114652235,0.024512518,0.0,0.0,-0.011902417,-0.0065538934,-0.20464665,-0.045824584,0.0036175838,0.01731446,0.0,-0.0031343256,0.0,0.007983317,-0.0007720047,-0.017208468,0.0,-0.0037924207,0.017949147,-0.007885559,0.03592509,0.01410632,-0.0007568973,0.0074663986,0.0,-0.03224872,-0.0022477428,0.027358081,-0.006904106,0.0,-0.0092800595,-0.014484284,0.0,0.0,-0.03171235,-0.0074456474,-0.024673266,0.053269073,0.0,0.018423447,0.009204876,0.0,0.0010095816,0.08615798,0.0,-0.0044002035,0.0,-0.021369582,-0.01718371,0.0,0.0,0.0,0.002501432,0.0,0.0089883255,0.0,-0.002797692,0.0032758752,0.008280644,-0.005628639,0.0,-0.0021971506,0.013994763,-0.003389816,0.0,0.013605911,0.0,0.0,-0.0023651537,0.0,0.0,0.0,0.0,0.0,-0.01064894,0.037895113,0.068765625,-0.031550527,0.0026595134,-0.004200843,0.0,0.0,0.0,0.023687191,0.0,0.004447287,0.0,-0.017222393,-0.038015466,0.0014534653,-0.006106792
-0.007416447,0.12121749,-0.003952022,-0.007058965,-0.012010671,0.00046189982,-0.011252733,-0.0034633346,0.007091669,-0.009624369,-0.014172081,0.0,0.0,0.022847867,0.035391178,0.03681566,-0.04890975,0.0036175838,0.00512387,0.0,-0.006412994,0.0,0.007983317,0.00038661552,-0.013143675,0.0,0.0018962104,-0.021282628,-0.007961023,-0.0033022694,0.007840818,-0.0007568973,0.00408172,0.0,-0.004091156,-0.0022477428,0.023864854,-0.0015671928,0.0,0.05534495,0.03729661,0.0,0.0,-0.021612018,0.00850721,0.016607936,0.0279361,0.0,0.021087296,-0.12279428,0.0,0.015015991,0.08615798,0.0,0.00853776,0.0,-0.021369582,-0.01718371,0.0,0.0,0.0,0.0028901494,0.0,0.013055806,0.0,-0.002797692,0.0029448727,-0.04290803,0.0042493283,0.0,0.003146869,-0.032643598,-0.003389816,0.0,0.013605911,0.0,0.0,-0.012064742,0.0,0.0,0.0,0.0,0.0,0.001374928,-0.0030633546,-0.020064905,-0.018341983,-0.014419302,-0.004200843,0.0,0.0,0.0,0.015541231,0.0,0.0021692698,0.0,-0.017222393,-0.0016648518,0.0014534653,-0.01774054
0.0060073393,0.08194934,-0.0040528383,-0.0034761133,-0.016306339,0.00046189982,0.00010079006,-0.002367356,0.0039455825,-0.0114652235,-0.019268079,0.0,0.0,-0.004056139,0.03204964,0.07158811,-0.04805903,0.0036175838,0.007339879,0.0,-0.0031343256,0.0,0.007983317,0.00038661552,-0.013143675,0.0,0.0018962104,0.034843955,-0.0035396023,-0.005020243,0.007840818,-0.0015776104,0.023726394,0.0,0.022630442,0.012202034,-0.00269524,-0.0015671928,0.0,-0.0115134325,-0.0055302195,0.0,0.0,-0.030512441,0.008584562,-0.024673266,0.027146311,0.0,0.011514548,0.010461564,0.0,0.015015991,0.08615798,0.0,0.05492881,0.0,-0.021369582,0.021045487,0.0,0.0,0.0,0.002501432,0.0,-0.0066921227,0.0,-0.002797692,0.0032758752,0.008280644,-0.007983587,0.0,-0.0021971506,0.006184295,-0.003389816,0.0,0.013605911,0.0,0.0,-0.004953538,0.0,0.0,0.0,0.0,0.0,-0.0002870534,0.11364765,-0.021795072,0.022676941,-0.0056127133,-0.004200843,0.0,0.0,0.0,0.023687191,0.0,0.014944635,0.0,-0.017222393,-0.038015466,0.0014534653,-0.007974381
0.069364175,-0.0077535035,0.1573319,-0.012441735,-0.045541223,-0.00046189997,-0.10524263,-0.0014617007,0.0063178563,-0.0050019356,-0.014426131,0.0,0.0,-0.003235763,-0.009691384,0.07369652,0.046140276,0.0047727176,-0.06616139,0.0,0.0368818,0.0,0.0019256929,-0.0068559647,0.039986532,0.0,0.0011968865,0.012766482,-0.0056404625,-0.005020243,-0.042990077,0.0012572623,0.018312512,0.0,-0.007280699,-0.004329458,0.029311946,-0.0009820531,0.0,-0.07774979,-0.006479375,0.0,0.0,0.098353475,0.30440158,-2.7064001e-05,0.01777965,0.0,0.020195318,-0.12676053,0.0,-0.00035627396,-0.055060726,0.0,0.015923653,0.0,-0.0061301705,-0.00937012,0.0,0.0,0.0,0.0020998456,0.0,0.007293019,0.0,-0.009987822,0.005230367,-0.04563742,0.008129648,0.0,0.04150998,0.012612798,-0.0040130788,0.0,0.094009824,0.0,0.0,-0.000584387,0.0,0.0,0.0,0.0,0.0,0.028138973,0.0069929324,-0.020451635,-0.008839079,-0.05711122,0.0007968549,0.0,0.0,0.0,0.007481831,0.0,-0.028394807,0.0,0.01624394,0.04589657,0.0009477245,-0.031362347
