Location_Code,latitude,longitude,time,date,Temp,Avg_Chloro,pDA,tDA,Pn_delicatissima,Pn_seriata,chlor_a,sst
HAB_SCW,36.958,-122.017,2024-03-06T16:30:00Z,2024-03-06,13.5,2.16,0.331107,,,1600.0,,
SW,34.408043,-119.68485,2024-03-11T14:15:00Z,2024-03-11,12.8,3.751,0.048,,28080.0,35320.0,,
CPP,35.170204,-120.740685,2024-03-11T16:00:00Z,2024-03-11,12.9,3.71,0.0,,1599.2302,9595.381,,13.729518
SIO,32.867,-117.257,2024-03-11T19:15:00Z,2024-03-11,15.9,2.75,0.0,,1252.0,0.0,,18.158442
SMP,34.008,-118.499,2024-03-11T20:00:00Z,2024-03-11,14.9,1.5,0.0,,6358.0,1122.0,,17.085762
HAB_SCW,36.958,-122.017,2024-03-13T16:00:00Z,2024-03-13,13.2,2.49,0.080481,,,650.0,,
CPP,35.170204,-120.740685,2024-03-17T16:00:00Z,2024-03-17,13.2,1.71,0.0,,14393.071,17591.531,,13.729518
SW,34.408043,-119.68485,2024-03-18T14:45:00Z,2024-03-18,12.9,3.778,0.0,,67450.0,7240.0,,
SMP,34.008,-118.499,2024-03-18T18:00:00Z,2024-03-18,15.1,1.96,0.0,,6732.0,11594.0,,17.085762
SIO,32.867,-117.257,2024-03-18T19:00:00Z,2024-03-18,16.6,3.39,0.0,,13768.0,6884.0,,18.158442
NP,33.6061,-117.9311,2024-03-19T17:30:00Z,2024-03-19,15.0,2.55,0.0,,5198.0,0.0,,17.246052
HAB_MWII,36.603683,-121.889275,2024-03-20T14:44:00Z,2024-03-20,14.1,,,,,,,13.416684
HAB_SCW,36.958,-122.017,2024-03-20T16:00:00Z,2024-03-20,14.3,6.71,0.123292,,,200.0,,
CPP,35.170204,-120.740685,2024-03-24T17:00:00Z,2024-03-24,13.5,4.5,0.027,,3731.537,34116.91,,13.729518
SW,34.408043,-119.68485,2024-03-25T15:00:00Z,2024-03-25,9.6,0.379,0.0,,430.0,870.0,,
SIO,32.867,-117.257,2024-03-25T19:34:00Z,2024-03-25,15.3,2.91,0.0,,4381.0,4381.0,,18.158442
SMP,34.008,-118.499,2024-03-25T20:00:00Z,2024-03-25,15.4,2.37,0.0,,2244.0,3740.0,,17.085762
NP,33.6061,-117.9311,2024-03-26T17:30:00Z,2024-03-26,13.0,2.78,0.0,,0.0,0.0,,17.246052
HAB_MWII,36.603683,-121.889275,2024-03-27T14:46:00Z,2024-03-27,13.5,,,,,,,13.416684
HAB_SCW,36.958,-122.017,2024-03-27T15:05:00Z,2024-03-27,13.2,2.43,0.026366,,,200.0,,
CPP,35.170204,-120.740685,2024-04-01T17:00:00Z,2024-04-01,13.4,4.0,0.0,,5330.767,2132.307,,13.729518
NP,33.6061,-117.9311,2024-04-01T17:30:00Z,2024-04-01,14.0,4.89,0.0,,12994.0,23389.0,,17.246052
SIO,32.867,-117.257,2024-04-01T19:27:00Z,2024-04-01,14.8,3.68,0.0,,13142.0,6884.0,,18.158442
SMP,34.008,-118.499,2024-04-01T21:00:00Z,2024-04-01,15.6,1.36,0.0,,0.0,3740.0,,17.085762
SW,34.408043,-119.68485,2024-04-02T16:00:00Z,2024-04-02,11.9,6.698,0.0,,8110.0,0.0,,
TP,41.05495,-124.14696,2024-04-02T17:40:00Z,2024-04-02,,,0.0,0.0,,,,11.683101
HAB_SCW,36.958,-122.017,2024-04-03T16:00:00Z,2024-04-03,13.2,5.52,0.0,,,2600.0,,
HAB_MWII,36.603683,-121.889275,2024-04-04T14:53:00Z,2024-04-04,14.0,,,,,,,13.416684
CPP,35.170204,-120.740685,2024-04-07T18:00:00Z,2024-04-07,12.7,3.19,0.0,,5863.8438,1066.1534,,13.729518
SW,34.408043,-119.68485,2024-04-08T15:15:00Z,2024-04-08,12.1,4.774,0.11,,2320.0,6370.0,,
NP,33.6061,-117.9311,2024-04-08T17:30:00Z,2024-04-08,14.0,5.7,0.0,,0.0,7796.0,,17.246052
SIO,32.867,-117.257,2024-04-08T19:53:00Z,2024-04-08,15.6,2.13,0.0,,1252.0,0.0,,18.158442
SMP,34.008,-118.499,2024-04-08T21:00:00Z,2024-04-08,15.5,4.1,0.0,,0.0,58293.0,,17.085762
HAB_MWII,36.603683,-121.889275,2024-04-10T14:46:00Z,2024-04-10,13.8,15.17,,,1800.0,1080.0,,13.416684
HAB_SCW,36.958,-122.017,2024-04-10T16:00:00Z,2024-04-10,12.8,3.23,0.0,,,0.0,,
CPP,35.170204,-120.740685,2024-04-14T17:30:00Z,2024-04-14,13.7,6.72,0.0,,17591.531,0.0,,13.729518
SW,34.408043,-119.68485,2024-04-15T15:00:00Z,2024-04-15,12.9,1.913,0.0,,580.0,0.0,,
NP,33.6061,-117.9311,2024-04-15T17:30:00Z,2024-04-15,14.5,3.56,0.0,,5198.0,2599.0,,17.246052
SMP,34.008,-118.499,2024-04-15T18:00:00Z,2024-04-15,15.0,1.38,0.0,,0.0,5610.0,,17.085762
SIO,32.867,-117.257,2024-04-15T18:58:00Z,2024-04-15,15.7,1.39,0.0,,2504.0,0.0,,18.158442
HAB_SCW,36.958,-122.017,2024-04-17T16:00:00Z,2024-04-17,12.5,4.84,0.0,,,650.0,,
TP,41.05495,-124.14696,2024-04-17T21:05:00Z,2024-04-17,,,0.0,0.0,,,,11.683101
SW,34.408043,-119.68485,2024-04-22T15:15:00Z,2024-04-22,13.6,1.98,0.0,,7960.0,720.0,,
NP,33.6061,-117.9311,2024-04-22T17:30:00Z,2024-04-22,16.0,6.81,0.0,,2599.0,0.0,,17.246052
CPP,35.170204,-120.740685,2024-04-22T18:30:00Z,2024-04-22,14.6,4.14,0.11,,9062.305,10661.534,,13.729518
SIO,32.867,-117.257,2024-04-22T18:56:00Z,2024-04-22,16.2,4.1,0.0,,1252.0,0.0,,18.158442
SMP,34.008,-118.499,2024-04-22T21:00:00Z,2024-04-22,15.2,6.91,0.0,,748.0,5236.0,,17.085762
HAB_MWII,36.603683,-121.889275,2024-04-24T14:03:00Z,2024-04-24,13.2,20.55,,,600.0,0.0,,13.416684
HAB_SCW,36.958,-122.017,2024-04-24T16:00:00Z,2024-04-24,14.1,3.38,0.0,,,0.0,,
SW,34.408043,-119.68485,2024-04-29T15:00:00Z,2024-04-29,13.5,1.048,0.0,,39370.0,4920.0,,
NP,33.6061,-117.9311,2024-04-29T17:30:00Z,2024-04-29,16.0,10.51,0.0,,25988.0,23389.0,,17.246052
SMP,34.008,-118.499,2024-04-29T18:00:00Z,2024-04-29,15.5,17.29,0.0,,748.0,0.0,,17.085762
CPP,35.170204,-120.740685,2024-04-29T18:30:00Z,2024-04-29,14.1,0.86,0.0,,0.0,0.0,,13.729518
SIO,32.867,-117.257,2024-04-29T19:41:00Z,2024-04-29,17.5,4.03,0.0,,10638.0,0.0,,18.158442
HAB_MWII,36.603683,-121.889275,2024-05-01T14:45:00Z,2024-05-01,14.6,26.63,,,0.0,0.0,,13.416684
HAB_SCW,36.958,-122.017,2024-05-01T16:00:00Z,2024-05-01,13.4,8.83,0.0,,,1200.0,,
TP,41.05495,-124.14696,2024-05-01T17:35:00Z,2024-05-01,,,0.0,0.0,,,,11.683101
SW,34.408043,-119.68485,2024-05-06T15:00:00Z,2024-05-06,10.4,2.667,0.0,,29530.0,6080.0,,
NP,33.6061,-117.9311,2024-05-06T18:00:00Z,2024-05-06,14.0,4.66,0.0,,7796.0,5198.0,,17.246052
CPP,35.170204,-120.740685,2024-05-06T18:30:00Z,2024-05-06,11.4,20.43,0.0,,169518.4,66101.516,,13.729518
SIO,32.867,-117.257,2024-05-06T19:10:00Z,2024-05-06,16.7,3.22,0.0,,19400.0,30038.0,,18.158442
SMP,34.008,-118.499,2024-05-06T21:00:00Z,2024-05-06,15.8,6.18,0.0,,0.0,0.0,,17.085762
HAB_MWII,36.603683,-121.889275,2024-05-08T14:04:00Z,2024-05-08,12.8,57.76,,,43200.0,209520.0,,13.416684
HAB_SCW,36.958,-122.017,2024-05-08T15:00:00Z,2024-05-08,13.1,21.17,0.049856,,,85750.0,,
SW,34.408043,-119.68485,2024-05-12T15:30:00Z,2024-05-12,12.8,2.992,0.0,,47480.0,7240.0,,
SIO,32.867,-117.257,2024-05-13T18:31:00Z,2024-05-13,17.7,3.39,0.0,,65084.0,6258.0,,18.158442
CPP,35.170204,-120.740685,2024-05-13T19:00:00Z,2024-05-13,13.8,1.16,0.0,,132736.11,12793.842,,13.729518
SMP,34.008,-118.499,2024-05-13T21:00:00Z,2024-05-13,18.1,21.36,0.046,,4862.0,11220.0,,17.085762
TP,41.05495,-124.14696,2024-05-14T23:00:00Z,2024-05-14,,,0.0114,0.0,,,,11.683101
HAB_MWII,36.603683,-121.889275,2024-05-15T14:12:00Z,2024-05-15,12.2,42.79,,,101340.0,12510.0,,13.416684
HAB_SCW,36.958,-122.017,2024-05-15T16:00:00Z,2024-05-15,12.5,6.32,0.010593655,,,800.0,,
SW,34.408043,-119.68485,2024-05-20T15:00:00Z,2024-05-20,10.9,2.824,0.0,,71510.0,67160.0,,
NP,33.6061,-117.9311,2024-05-20T17:00:00Z,2024-05-20,15.5,10.85,0.0,,0.0,0.0,,17.246052
CPP,35.170204,-120.740685,2024-05-20T18:40:00Z,2024-05-20,13.1,3.29,0.0,,11194.611,4264.614,,13.729518
SIO,32.867,-117.257,2024-05-20T18:51:00Z,2024-05-20,18.2,7.82,0.0,,3755.0,0.0,,18.158442
SMP,34.008,-118.499,2024-05-20T19:00:00Z,2024-05-20,17.5,21.43,0.0,,0.0,0.0,,17.085762
HAB_MWII,36.603683,-121.889275,2024-05-22T14:09:00Z,2024-05-22,13.9,,,,0.0,0.0,,13.416684
HAB_SCW,36.958,-122.017,2024-05-22T15:30:00Z,2024-05-22,14.8,9.2,0.0,,,0.0,,
CPP,35.170204,-120.740685,2024-05-27T19:00:00Z,2024-05-27,13.4,2.36,0.0,,4264.614,0.0,,13.729518
SMP,34.008,-118.499,2024-05-28T00:00:00Z,2024-05-28,17.8,11.97,0.0,,1122.0,0.0,,17.085762
SW,34.408043,-119.68485,2024-05-28T15:00:00Z,2024-05-28,15.8,2.659,0.0,,57610.0,6950.0,,
NP,33.6061,-117.9311,2024-05-28T17:00:00Z,2024-05-28,16.0,31.12,0.0,,18191.0,0.0,,17.246052
SIO,32.867,-117.257,2024-05-28T19:21:00Z,2024-05-28,17.2,17.3,0.0,,1878.0,0.0,,18.158442
TP,41.05495,-124.14696,2024-05-28T20:00:00Z,2024-05-28,,,0.0062,0.0,,,,11.683101
HAB_SCW,36.958,-122.017,2024-05-29T16:10:00Z,2024-05-29,14.0,7.42,0.0,,,0.0,,
HAB_MWII,36.603683,-121.889275,2024-05-29T17:11:00Z,2024-05-29,14.3,4.184,,,600.0,0.0,,13.416684
SW,34.408043,-119.68485,2024-06-03T15:00:00Z,2024-06-03,13.5,6.844,0.0,,1450.0,0.0,,
NP,33.6061,-117.9311,2024-06-03T17:00:00Z,2024-06-03,17.0,32.85,0.0,,0.0,0.0,,17.246052
CPP,35.170204,-120.740685,2024-06-03T19:00:00Z,2024-06-03,15.6,5.77,0.0,,110879.96,6929.9976,,13.729518
SIO,32.867,-117.257,2024-06-03T19:18:00Z,2024-06-03,17.7,16.71,0.0,,626.0,0.0,,18.158442
SMP,34.008,-118.499,2024-06-04T00:00:00Z,2024-06-04,17.8,15.9,0.0,,5236.0,0.0,,17.085762
HAB_MWII,36.603683,-121.889275,2024-06-05T13:56:00Z,2024-06-05,14.9,,,,200.0,200.0,,13.416684
HAB_SCW,36.958,-122.017,2024-06-05T15:20:00Z,2024-06-05,13.9,7.57,0.0,,,0.0,,
SW,34.408043,-119.68485,2024-06-10T15:00:00Z,2024-06-10,13.7,2.659,0.0,,7380.0,0.0,,
NP,33.6061,-117.9311,2024-06-10T17:00:00Z,2024-06-10,17.3,2.03,0.0,,0.0,0.0,,17.246052
CPP,35.170204,-120.740685,2024-06-10T18:30:00Z,2024-06-10,14.8,3.16,0.0,,11194.611,2665.3835,,13.729518
SIO,32.867,-117.257,2024-06-10T19:00:00Z,2024-06-10,18.5,1.5,0.0,,3755.0,0.0,,18.158442
SMP,34.008,-118.499,2024-06-10T21:00:00Z,2024-06-10,18.4,2.16,0.0,,0.0,0.0,,17.085762
TP,41.05495,-124.14696,2024-06-12T00:00:00Z,2024-06-12,,,0.124,0.0,,,,11.683101
HAB_MWII,36.603683,-121.889275,2024-06-12T14:11:00Z,2024-06-12,13.2,,,,141570.0,28710.0,,13.416684
HAB_SCW,36.958,-122.017,2024-06-12T16:00:00Z,2024-06-12,14.8,5.18,0.015362,,,750.0,,
NP,33.6061,-117.9311,2024-06-17T17:30:00Z,2024-06-17,18.6,3.14,0.0,,0.0,0.0,,17.246052
CPP,35.170204,-120.740685,2024-06-17T18:30:00Z,2024-06-17,15.4,2.79,0.0,,31984.604,0.0,,13.729518
SIO,32.867,-117.257,2024-06-17T19:19:00Z,2024-06-17,18.5,1.63,0.0,,10639.0,0.0,,18.158442
SMP,34.008,-118.499,2024-06-17T21:00:00Z,2024-06-17,19.4,1.42,0.0,,1496.0,0.0,,17.085762
SW,34.408043,-119.68485,2024-06-18T14:45:00Z,2024-06-18,17.4,1.628,0.0,,1450.0,0.0,,
HAB_MWII,36.603683,-121.889275,2024-06-19T14:15:00Z,2024-06-19,14.6,0.306,,,700.0,1400.0,,13.416684
HAB_SCW,36.958,-122.017,2024-06-19T16:00:00Z,2024-06-19,14.2,3.66,0.012972,,,0.0,,
TP,41.05495,-124.14696,2024-06-20T23:45:00Z,2024-06-20,,,0.1681,1.2734,,,,11.683101
CPP,35.170204,-120.740685,2024-06-24T16:00:00Z,2024-06-24,15.1,17.97,0.0,,245748.38,3731.537,,13.729518
SIO,32.867,-117.257,2024-06-24T19:09:00Z,2024-06-24,20.8,5.67,0.0,,275958.0,2905.0,,18.158442
SMP,34.008,-118.499,2024-06-24T21:00:00Z,2024-06-24,20.0,0.75,0.0,,1496.0,0.0,,17.085762
SW,34.408043,-119.68485,2024-06-25T15:00:00Z,2024-06-25,16.5,2.626,0.0,,123040.0,0.0,,
HAB_MWII,36.603683,-121.889275,2024-06-26T14:16:00Z,2024-06-26,12.0,0.792,,,5200.0,10500.0,,13.416684
HAB_SCW,36.958,-122.017,2024-06-26T16:00:00Z,2024-06-26,14.2,9.33,0.0,,,2950.0,,
NP,33.6061,-117.9311,2024-06-26T17:30:00Z,2024-06-26,19.0,3.51,0.0,,10395.0,0.0,,17.246052
TP,41.05495,-124.14696,2024-06-27T22:15:00Z,2024-06-27,,,1.2425,3.3502,,,,11.683101
SW,34.408043,-119.68485,2024-07-01T15:45:00Z,2024-07-01,14.9,1.192,0.0,,0.0,2900.0,,
CPP,35.170204,-120.740685,2024-07-01T16:30:00Z,2024-07-01,15.9,9.35,0.0,,10661.534,0.0,,13.729518
SIO,32.867,-117.257,2024-07-01T19:21:00Z,2024-07-01,19.7,5.09,0.0,,66335.0,1252.0,,18.158442
SMP,34.008,-118.499,2024-07-01T21:00:00Z,2024-07-01,20.8,2.49,0.034,,72930.0,0.0,,17.085762
HAB_MWII,36.603683,-121.889275,2024-07-03T14:20:00Z,2024-07-03,14.1,0.426,,,500.0,0.0,,13.416684
HAB_SCW,36.958,-122.017,2024-07-03T16:20:00Z,2024-07-03,15.2,6.81,0.0,,,0.0,,
CPP,35.170204,-120.740685,2024-07-07T16:00:00Z,2024-07-07,17.6,32.64,0.0,,9062.305,0.0,,13.729518
SW,34.408043,-119.68485,2024-07-08T15:30:00Z,2024-07-08,16.0,1.949,0.0,,0.0,0.0,,
SIO,32.867,-117.257,2024-07-08T18:16:00Z,2024-07-08,22.7,1.96,0.0,,8761.0,626.0,,18.158442
NP,33.6061,-117.9311,2024-07-08T19:00:00Z,2024-07-08,21.5,1.35,0.0,,0.0,0.0,,17.246052
SMP,34.008,-118.499,2024-07-08T21:00:00Z,2024-07-08,20.8,1.37,0.0,,0.0,0.0,,17.085762
HAB_MWII,36.603683,-121.889275,2024-07-10T14:10:00Z,2024-07-10,14.5,0.174,,,3200.0,200.0,,13.416684
HAB_SCW,36.958,-122.017,2024-07-10T17:10:00Z,2024-07-10,16.6,2.84,0.0,,,0.0,,
TP,41.05495,-124.14696,2024-07-10T23:50:00Z,2024-07-10,,,0.6954,3.9698,,,,11.683101
SW,34.408043,-119.68485,2024-07-15T15:34:00Z,2024-07-15,15.3,11.289,0.0,,0.0,0.0,,
NP,33.6061,-117.9311,2024-07-15T17:30:00Z,2024-07-15,18.5,3.38,0.0,,0.0,0.0,,17.246052
CPP,35.170204,-120.740685,2024-07-15T18:30:00Z,2024-07-15,16.1,2.7,0.0,,2132.307,0.0,,13.729518
SIO,32.867,-117.257,2024-07-15T19:23:00Z,2024-07-15,21.2,3.79,0.0,,14393.0,5632.0,,18.158442
SMP,34.008,-118.499,2024-07-15T21:00:00Z,2024-07-15,21.8,2.42,0.0,,2244.0,0.0,,17.085762
HAB_MWII,36.603683,-121.889275,2024-07-17T14:24:00Z,2024-07-17,14.8,0.12,,,1000.0,0.0,,13.416684
HAB_SCW,36.958,-122.017,2024-07-17T16:40:00Z,2024-07-17,15.3,14.37,0.0,,,0.0,,
CPP,35.170204,-120.740685,2024-07-22T16:30:00Z,2024-07-22,16.3,9.16,0.0,,29852.297,0.0,,13.729518
SMP,34.008,-118.499,2024-07-22T19:00:00Z,2024-07-22,21.6,0.61,0.0,,38862.0,0.0,,17.085762
SIO,32.867,-117.257,2024-07-22T19:02:00Z,2024-07-22,21.4,4.44,0.02,,461867.0,26143.0,,18.158442
SW,34.408043,-119.68485,2024-07-23T15:25:00Z,2024-07-23,14.3,3.58,0.0,,35610.0,0.0,,
NP,33.6061,-117.9311,2024-07-23T17:30:00Z,2024-07-23,19.5,5.25,0.0,,10395.0,7796.0,,17.246052
HAB_MWII,36.603683,-121.889275,2024-07-24T14:10:00Z,2024-07-24,15.5,2.065,,,111600.0,0.0,,13.416684
HAB_SCW,36.958,-122.017,2024-07-24T16:40:00Z,2024-07-24,16.4,4.67,0.02146,,,0.0,,
SMP,34.008,-118.499,2024-07-28T19:00:00Z,2024-07-28,21.5,0.36,0.0,,0.0,0.0,,17.085762
SW,34.408043,-119.68485,2024-07-29T15:32:00Z,2024-07-29,15.2,2.233,0.039,,335250.0,2610.0,,
CPP,35.170204,-120.740685,2024-07-29T18:30:00Z,2024-07-29,14.9,15.05,0.0,,34116.91,0.0,,13.729518
SIO,32.867,-117.257,2024-07-29T19:07:00Z,2024-07-29,20.5,5.02,0.026,,278863.0,37763.0,,18.158442
SMP,34.008,-118.499,2024-07-29T22:00:00Z,2024-07-29,21.0,1.28,0.0,,9716.0,9716.0,,17.085762
NP,33.6061,-117.9311,2024-07-30T17:30:00Z,2024-07-30,17.5,4.16,0.0,,25988.0,0.0,,17.246052
TP,41.05495,-124.14696,2024-07-30T21:40:00Z,2024-07-30,,,2.4582,7.3725,,,,11.683101
HAB_MWII,36.603683,-121.889275,2024-07-31T14:11:00Z,2024-07-31,15.8,3.457,,,769000.0,0.0,,13.416684
HAB_SCW,36.958,-122.017,2024-07-31T16:30:00Z,2024-07-31,16.3,21.92,0.11214,,,0.0,,
CPP,35.170204,-120.740685,2024-08-04T17:00:00Z,2024-08-04,16.1,14.98,0.0,,0.0,16525.379,,13.729518
SW,34.408043,-119.68485,2024-08-05T15:25:00Z,2024-08-05,15.5,1.482,0.0,,12740.0,2030.0,,
SMP,34.008,-118.499,2024-08-05T17:00:00Z,2024-08-05,18.5,2.27,0.0,,11659.0,7772.0,,17.085762
NP,33.6061,-117.9311,2024-08-05T17:30:00Z,2024-08-05,17.0,3.9,0.0,,0.0,0.0,,17.246052
SIO,32.867,-117.257,2024-08-05T19:25:00Z,2024-08-05,19.0,1.73,0.0,,7510.0,1877.0,,18.158442
HAB_MWII,36.603683,-121.889275,2024-08-07T14:06:00Z,2024-08-07,14.7,3.987,,,1508000.0,1200.0,,13.416684
HAB_SCW,36.958,-122.017,2024-08-07T16:30:00Z,2024-08-07,16.4,11.74,0.113,,,0.0,,
CPP,35.170204,-120.740685,2024-08-11T15:45:00Z,2024-08-11,16.8,8.64,0.0,,26120.76,0.0,,13.729518
SW,34.408043,-119.68485,2024-08-12T15:30:00Z,2024-08-12,15.8,26.001,0.0,,0.0,0.0,,
NP,33.6061,-117.9311,2024-08-12T17:30:00Z,2024-08-12,22.0,3.04,0.0,,28586.0,7796.0,,17.246052
SMP,34.008,-118.499,2024-08-12T18:00:00Z,2024-08-12,20.8,0.91,0.0,,2992.0,0.0,,17.085762
SIO,32.867,-117.257,2024-08-12T19:15:00Z,2024-08-12,23.0,2.18,0.0,,10639.0,2503.0,,18.158442
HAB_MWII,36.603683,-121.889275,2024-08-14T15:23:00Z,2024-08-14,14.0,,,,979200.0,75780.0,,13.416684
HAB_SCW,36.958,-122.017,2024-08-14T15:55:00Z,2024-08-14,14.5,8.46,0.011252,,,0.0,,
CPP,35.170204,-120.740685,2024-08-18T15:45:00Z,2024-08-18,16.7,7.14,0.0,,0.0,0.0,,13.729518
SW,34.408043,-119.68485,2024-08-19T15:30:00Z,2024-08-19,18.5,3.813,0.0,,2030.0,870.0,,
SIO,32.867,-117.257,2024-08-19T19:22:00Z,2024-08-19,23.5,3.31,0.0,,1877.0,0.0,,18.158442
SMP,34.008,-118.499,2024-08-19T20:00:00Z,2024-08-19,23.5,0.91,0.0,,0.0,0.0,,17.085762
NP,33.6061,-117.9311,2024-08-20T17:30:00Z,2024-08-20,22.2,1.15,0.0,,0.0,0.0,,17.246052
HAB_MWII,36.603683,-121.889275,2024-08-21T14:31:00Z,2024-08-21,13.9,,,,87900.0,8800.0,,13.416684
HAB_SCW,36.958,-122.017,2024-08-21T16:05:00Z,2024-08-21,13.4,2.69,0.002259,,,0.0,,
CPP,35.170204,-120.740685,2024-08-25T15:30:00Z,2024-08-25,15.0,28.83,0.0,,21323.068,0.0,,13.729518
SW,34.408043,-119.68485,2024-08-26T15:13:00Z,2024-08-26,18.6,1.407,0.0,,1590.0,720.0,,
SMP,34.008,-118.499,2024-08-26T18:00:00Z,2024-08-26,23.4,1.43,0.0,,2244.0,0.0,,17.085762
SIO,32.867,-117.257,2024-08-26T19:05:00Z,2024-08-26,23.6,3.66,0.0,,626.0,0.0,,18.158442
NP,33.6061,-117.9311,2024-08-27T17:30:00Z,2024-08-27,22.0,2.45,0.0,,0.0,0.0,,17.246052
TP,41.05495,-124.14696,2024-08-27T18:10:00Z,2024-08-27,,,1.5497,12.0382,,,,11.683101
HAB_MWII,36.603683,-121.889275,2024-08-28T16:10:00Z,2024-08-28,16.0,,,,17300.0,400.0,,13.416684
HAB_SCW,36.958,-122.017,2024-08-28T16:30:00Z,2024-08-28,15.6,10.51,0.007361,,,0.0,,
CPP,35.170204,-120.740685,2024-09-01T15:25:00Z,2024-09-01,15.9,20.71,0.0,,30918.45,0.0,,13.729518
SMP,34.008,-118.499,2024-09-02T18:00:00Z,2024-09-02,23.5,0.8,0.0,,0.0,0.0,,17.085762
SW,34.408043,-119.68485,2024-09-03T15:38:00Z,2024-09-03,18.3,1.205,0.035,,4920.0,4630.0,,
NP,33.6061,-117.9311,2024-09-03T17:30:00Z,2024-09-03,21.5,2.11,0.0,,0.0,0.0,,17.246052
SIO,32.867,-117.257,2024-09-03T17:48:00Z,2024-09-03,22.8,2.55,0.0,,7510.0,0.0,,18.158442
HAB_MWII,36.603683,-121.889275,2024-09-04T14:01:00Z,2024-09-04,15.2,1.048,,,2414000.0,0.0,,13.416684
HAB_SCW,36.958,-122.017,2024-09-04T16:20:00Z,2024-09-04,15.2,1.93,0.0,,,0.0,,
CPP,35.170204,-120.740685,2024-09-08T15:30:00Z,2024-09-08,16.9,8.57,0.0,,0.0,0.0,,13.729518
SW,34.408043,-119.68485,2024-09-09T15:31:00Z,2024-09-09,18.9,2.302,0.0,,580.0,0.0,,
NP,33.6061,-117.9311,2024-09-09T17:30:00Z,2024-09-09,20.0,0.53,0.0,,0.0,0.0,,17.246052
SMP,34.008,-118.499,2024-09-09T18:00:00Z,2024-09-09,20.5,2.14,0.0,,3740.0,0.0,,17.085762
SIO,32.867,-117.257,2024-09-09T19:14:00Z,2024-09-09,22.5,2.72,0.0,,5632.0,1877.0,,18.158442
HAB_MWII,36.603683,-121.889275,2024-09-11T14:27:00Z,2024-09-11,14.1,0.688,,,1086000.0,900.0,,13.416684
HAB_SCW,36.958,-122.017,2024-09-11T17:00:00Z,2024-09-11,16.4,14.37,0.0,,,0.0,,
CPP,35.170204,-120.740685,2024-09-15T16:45:00Z,2024-09-15,14.7,84.33,0.0,,0.0,0.0,,13.729518
SW,34.408043,-119.68485,2024-09-16T15:21:00Z,2024-09-16,16.2,1.208,0.497,,1880.0,14190.0,,
NP,33.6061,-117.9311,2024-09-16T17:30:00Z,2024-09-16,19.6,2.08,0.0,,0.0,0.0,,17.246052
SMP,34.008,-118.499,2024-09-16T18:00:00Z,2024-09-16,20.0,0.73,0.0,,0.0,748.0,,17.085762
SIO,32.867,-117.257,2024-09-16T19:49:00Z,2024-09-16,22.6,1.45,0.0,,0.0,0.0,,18.158442
HAB_MWII,36.603683,-121.889275,2024-09-18T14:30:00Z,2024-09-18,13.9,,,,40770.0,230400.0,,13.416684
HAB_SCW,36.958,-122.017,2024-09-18T17:20:00Z,2024-09-18,15.9,20.19,0.0,,,0.0,,
CPP,35.170204,-120.740685,2024-09-22T15:36:00Z,2024-09-22,15.7,112.18,0.0,,0.0,0.0,,13.729518
SW,34.408043,-119.68485,2024-09-23T15:47:00Z,2024-09-23,15.8,2.589,0.602,,0.0,18530.0,,
SMP,34.008,-118.499,2024-09-23T18:00:00Z,2024-09-23,20.0,4.3,0.0,,748.0,0.0,,17.085762
SIO,32.867,-117.257,2024-09-23T19:25:00Z,2024-09-23,18.0,2.32,0.0,,1878.0,0.0,,18.158442
NP,33.6061,-117.9311,2024-09-24T17:30:00Z,2024-09-24,17.5,5.23,0.0,,23389.0,0.0,,17.246052
HAB_SCW,36.958,-122.017,2024-09-25T15:20:00Z,2024-09-25,15.2,17.61,0.000995,,,0.0,,
HAB_MWII,36.603683,-121.889275,2024-09-25T16:40:00Z,2024-09-25,15.0,,,,1400.0,1600.0,,13.416684
CPP,35.170204,-120.740685,2024-09-29T16:00:00Z,2024-09-29,16.1,59.27,0.0,,0.0,0.0,,13.729518
SW,34.408043,-119.68485,2024-09-30T15:25:00Z,2024-09-30,15.4,5.513,0.021,,2320.0,2320.0,,
SMP,34.008,-118.499,2024-09-30T18:00:00Z,2024-09-30,19.0,6.8,0.0,,0.0,0.0,,17.085762
SIO,32.867,-117.257,2024-09-30T19:39:00Z,2024-09-30,16.9,2.4,0.0,,5007.0,5006.0,,18.158442
HAB_MWII,36.603683,-121.889275,2024-10-02T14:45:00Z,2024-10-02,15.7,,,,500.0,100.0,,13.416684
HAB_SCW,36.958,-122.017,2024-10-02T15:30:00Z,2024-10-02,15.6,1.79,0.0,,,0.0,,
CPP,35.170204,-120.740685,2024-10-06T15:00:00Z,2024-10-06,16.5,72.08,0.0,,0.0,0.0,,13.729518
SW,34.408043,-119.68485,2024-10-07T15:24:00Z,2024-10-07,17.3,11.049,0.0,,1740.0,0.0,,
SMP,34.008,-118.499,2024-10-07T18:00:00Z,2024-10-07,19.0,2.3,0.0,,3366.0,1122.0,,17.085762
SIO,32.867,-117.257,2024-10-07T19:23:00Z,2024-10-07,16.9,2.17,0.0,,3754.0,0.0,,18.158442
HAB_MWII,36.603683,-121.889275,2024-10-09T14:50:00Z,2024-10-09,16.0,,,,1700.0,0.0,,13.416684
HAB_SCW,36.958,-122.017,2024-10-09T16:15:00Z,2024-10-09,16.8,43.99,0.004402,,,0.0,,
CPP,35.170204,-120.740685,2024-10-13T15:57:00Z,2024-10-13,16.9,56.93,0.0,,0.0,0.0,,13.729518
SW,34.408043,-119.68485,2024-10-14T15:30:00Z,2024-10-14,17.3,1.323,0.029,,4490.0,6510.0,,
SIO,32.867,-117.257,2024-10-14T17:58:00Z,2024-10-14,18.1,3.18,0.0,,8135.0,0.0,,18.158442
SMP,34.008,-118.499,2024-10-14T21:00:00Z,2024-10-14,20.0,14.0,0.0,,0.0,0.0,,17.085762
NP,33.6061,-117.9311,2024-10-15T17:30:00Z,2024-10-15,17.5,5.14,0.0,,10395.0,0.0,,17.246052
HAB_MWII,36.603683,-121.889275,2024-10-16T14:03:00Z,2024-10-16,15.0,,,,1200.0,0.0,,13.416684
HAB_SCW,36.958,-122.017,2024-10-16T16:15:00Z,2024-10-16,15.7,12.36,0.003218,,,0.0,,
CPP,35.170204,-120.740685,2024-10-20T16:57:00Z,2024-10-20,13.8,1.12,0.0,,0.0,0.0,,13.729518
SW,34.408043,-119.68485,2024-10-21T15:30:00Z,2024-10-21,16.5,1.882,0.0,,580.0,0.0,,
NP,33.6061,-117.9311,2024-10-21T17:30:00Z,2024-10-21,17.8,3.57,0.0,,10395.0,7796.0,,17.246052
SIO,32.867,-117.257,2024-10-21T19:14:00Z,2024-10-21,18.7,1.95,0.0,,8135.0,0.0,,18.158442
SMP,34.008,-118.499,2024-10-21T21:00:00Z,2024-10-21,19.5,33.8,0.0,,0.0,0.0,,17.085762
HAB_MWII,36.603683,-121.889275,2024-10-23T15:14:00Z,2024-10-23,13.0,,,,5500.0,3600.0,,13.416684
HAB_SCW,36.958,-122.017,2024-10-23T15:30:00Z,2024-10-23,13.6,4.36,0.003211,,,0.0,,
CPP,35.170204,-120.740685,2024-10-27T16:25:00Z,2024-10-27,15.4,37.9,0.0,,3731.537,0.0,,13.729518
SW,34.408043,-119.68485,2024-10-28T15:36:00Z,2024-10-28,16.9,1.918,0.0,,1740.0,2030.0,,
NP,33.6061,-117.9311,2024-10-28T17:30:00Z,2024-10-28,17.8,3.01,0.0,,0.0,0.0,,17.246052
SMP,34.008,-118.499,2024-10-28T18:00:00Z,2024-10-28,16.5,2.6,0.0,,0.0,374.0,,17.085762
SIO,32.867,-117.257,2024-10-28T18:24:00Z,2024-10-28,18.5,3.25,0.0,,6258.0,0.0,,18.158442
HAB_SCW,36.958,-122.017,2024-10-30T16:30:00Z,2024-10-30,12.3,3.33,0.0,,,0.0,,
CPP,35.170204,-120.740685,2024-11-03T17:36:00Z,2024-11-03,12.8,3.93,0.0,,5330.767,0.0,,13.729518
SW,34.408043,-119.68485,2024-11-04T16:23:00Z,2024-11-04,14.1,10.184,0.0,,0.0,0.0,,
SIO,32.867,-117.257,2024-11-04T20:09:00Z,2024-11-04,17.4,2.58,0.0,,3129.0,0.0,,18.158442
SMP,34.008,-118.499,2024-11-04T22:00:00Z,2024-11-04,15.5,0.63,0.0,,0.0,0.0,,17.085762
NP,33.6061,-117.9311,2024-11-05T18:30:00Z,2024-11-05,16.5,1.23,0.0,,10395.0,0.0,,17.246052
HAB_SCW,36.958,-122.017,2024-11-06T16:00:00Z,2024-11-06,12.5,3.81,0.010714,,,0.0,,
HAB_MWII,36.603683,-121.889275,2024-11-06T16:16:00Z,2024-11-06,13.2,,,,14310.0,0.0,,13.416684
CPP,35.170204,-120.740685,2024-11-10T17:34:00Z,2024-11-10,12.5,13.16,0.0,,0.0,0.0,,13.729518
SW,34.408043,-119.68485,2024-11-11T16:30:00Z,2024-11-11,14.2,2.749,0.0,,3760.0,1160.0,,
SMP,34.008,-118.499,2024-11-11T19:00:00Z,2024-11-11,16.8,7.6,0.0,,748.0,2244.0,,17.085762
SIO,32.867,-117.257,2024-11-11T19:18:00Z,2024-11-11,16.2,25.23,0.0,,0.0,0.0,,18.158442
NP,33.6061,-117.9311,2024-11-12T18:30:00Z,2024-11-12,14.0,8.75,0.0,,0.0,0.0,,17.246052
HAB_MWII,36.603683,-121.889275,2024-11-13T16:01:00Z,2024-11-13,12.5,,,,4300.0,0.0,,13.416684
HAB_SCW,36.958,-122.017,2024-11-13T17:30:00Z,2024-11-13,12.3,6.65,0.0,,,0.0,,
CPP,35.170204,-120.740685,2024-11-17T17:22:00Z,2024-11-17,12.1,2.5,0.0,,0.0,0.0,,13.729518
SW,34.408043,-119.68485,2024-11-18T16:24:00Z,2024-11-18,11.8,0.814,0.0,,0.0,1590.0,,
SMP,34.008,-118.499,2024-11-18T19:00:00Z,2024-11-18,15.0,1.8,0.0,,748.0,0.0,,17.085762
SIO,32.867,-117.257,2024-11-18T20:22:00Z,2024-11-18,15.3,8.33,0.0,,5007.0,0.0,,18.158442
NP,33.6061,-117.9311,2024-11-19T18:30:00Z,2024-11-19,16.0,2.18,0.0,,0.0,0.0,,17.246052
HAB_SCW,36.958,-122.017,2024-11-20T17:30:00Z,2024-11-20,11.7,2.02,0.0,,,0.0,,
CPP,35.170204,-120.740685,2024-11-24T14:40:00Z,2024-11-24,12.1,7.47,0.0,,0.0,0.0,,13.729518
SW,34.408043,-119.68485,2024-11-25T16:26:00Z,2024-11-25,13.1,4.515,0.0,,720.0,580.0,,
SMP,34.008,-118.499,2024-11-25T19:00:00Z,2024-11-25,15.0,1.3,0.0,,0.0,0.0,,17.085762
SIO,32.867,-117.257,2024-11-25T20:08:00Z,2024-11-25,15.4,1.08,0.0,,0.0,0.0,,18.158442
NP,33.6061,-117.9311,2024-11-26T18:30:00Z,2024-11-26,14.1,6.67,0.0,,0.0,0.0,,17.246052
HAB_MWII,36.603683,-121.889275,2024-11-27T15:03:00Z,2024-11-27,12.3,,,,400.0,0.0,,13.416684
HAB_SCW,36.958,-122.017,2024-11-27T17:30:00Z,2024-11-27,12.1,7.36,0.0,,,0.0,,
CPP,35.170204,-120.740685,2024-12-01T16:45:00Z,2024-12-01,12.9,7.12,0.0,,0.0,5330.767,,13.729518
SW,34.408043,-119.68485,2024-12-02T16:22:00Z,2024-12-02,12.8,7.492,0.0,,0.0,0.0,,
SMP,34.008,-118.499,2024-12-02T19:00:00Z,2024-12-02,15.5,0.78,0.0,,0.0,0.0,,17.085762
SIO,32.867,-117.257,2024-12-02T20:14:00Z,2024-12-02,15.6,2.86,0.0,,27535.0,626.0,,18.158442
HAB_MWII,36.603683,-121.889275,2024-12-04T16:24:00Z,2024-12-04,12.3,,,,100.0,0.0,,13.416684
HAB_SCW,36.958,-122.017,2024-12-04T16:30:00Z,2024-12-04,11.9,5.68,0.0,,,0.0,,
CPP,35.170204,-120.740685,2024-12-08T16:18:00Z,2024-12-08,12.4,2.27,0.0,,1599.2302,1066.1534,,13.729518
CPP,35.170204,-120.740685,2024-12-08T17:00:00Z,2024-12-08,12.3,2.91,0.0,,0.0,4797.6904,,13.729518
SW,34.408043,-119.68485,2024-12-09T16:30:00Z,2024-12-09,12.3,58.901,0.0,,0.0,0.0,,
NP,33.6061,-117.9311,2024-12-09T18:30:00Z,2024-12-09,14.5,4.31,0.0,,0.0,0.0,,17.246052
SIO,32.867,-117.257,2024-12-09T20:31:00Z,2024-12-09,14.4,1.5,0.0,,5007.0,0.0,,18.158442
SMP,34.008,-118.499,2024-12-09T21:00:00Z,2024-12-09,15.0,4.03,0.0,,0.0,0.0,,17.085762
HAB_MWII,36.603683,-121.889275,2024-12-11T16:03:00Z,2024-12-11,11.6,,,,360.0,0.0,,13.416684
HAB_SCW,36.958,-122.017,2024-12-11T16:45:00Z,2024-12-11,11.8,7.01,0.0,,,0.0,,
SIO,32.867,-117.257,2024-12-16T18:50:00Z,2024-12-16,13.8,3.38,1.481,,1252.0,35671.0,,18.158442
SMP,34.008,-118.499,2024-12-16T21:00:00Z,2024-12-16,16.0,3.66,0.0,,0.0,748.0,,17.085762
SW,34.408043,-119.68485,2024-12-17T16:25:00Z,2024-12-17,12.5,7.974,0.0,,5790.0,8400.0,,
NP,33.6061,-117.9311,2024-12-17T18:30:00Z,2024-12-17,14.7,6.58,0.0,,0.0,0.0,,17.246052
HAB_MWII,36.603683,-121.889275,2024-12-18T16:02:00Z,2024-12-18,12.7,,,,1800.0,0.0,,13.416684
HAB_SCW,36.958,-122.017,2024-12-18T17:00:00Z,2024-12-18,11.7,3.27,0.0,,,0.0,,
CPP,35.170204,-120.740685,2024-12-22T17:44:00Z,2024-12-22,12.9,1.6,0.0,,1066.1534,0.0,,13.729518
SIO,32.867,-117.257,2024-12-23T20:25:00Z,2024-12-23,13.2,9.71,2.475,,8761.0,171470.0,,18.158442
SMP,34.008,-118.499,2024-12-23T21:00:00Z,2024-12-23,16.0,4.6,0.0,,0.0,0.0,,17.085762
CPP,35.170204,-120.740685,2024-12-29T18:35:00Z,2024-12-29,12.9,1.11,0.0,,0.0,0.0,,13.729518
SW,34.408043,-119.68485,2024-12-30T16:07:00Z,2024-12-30,13.8,25.196,0.0,,0.0,0.0,,
SIO,32.867,-117.257,2024-12-30T20:21:00Z,2024-12-30,13.4,5.54,0.0,,22529.0,5632.0,,18.158442
SMP,34.008,-118.499,2024-12-30T21:00:00Z,2024-12-30,15.5,3.92,0.0,,0.0,0.0,,17.085762
CPP,35.170204,-120.740685,2025-01-05T18:40:00Z,2025-01-05,11.9,2.28,0.0,,0.0,0.0,,13.729518
SW,34.408043,-119.68485,2025-01-06T16:43:00Z,2025-01-06,12.8,0.982,0.0,,0.0,290.0,,
NP,33.6061,-117.9311,2025-01-06T18:30:00Z,2025-01-06,13.8,2.42,0.031,,0.0,0.0,,17.246052
SIO,32.867,-117.257,2025-01-06T20:17:00Z,2025-01-06,13.5,3.5,0.064,,77599.0,86986.0,,18.158442
SMP,34.008,-118.499,2025-01-06T21:00:00Z,2025-01-06,15.5,17.32,0.0,,0.0,2244.0,,17.085762
HAB_MWII,36.603683,-121.889275,2025-01-08T15:23:00Z,2025-01-08,11.7,,,,1260.0,0.0,,13.416684
HAB_SCW,36.958,-122.017,2025-01-08T17:00:00Z,2025-01-08,11.9,2.63,0.0,,,0.0,,
CPP,35.170204,-120.740685,2025-01-12T17:30:00Z,2025-01-12,11.4,3.03,0.0,,2665.3835,5330.767,,13.729518
SW,34.408043,-119.68485,2025-01-13T16:20:00Z,2025-01-13,12.5,3.146,0.0,,3760.0,2320.0,,
SIO,32.867,-117.257,2025-01-13T20:11:00Z,2025-01-13,13.9,5.27,0.116,,108889.0,37548.0,,18.158442
SMP,34.008,-118.499,2025-01-13T21:00:00Z,2025-01-13,15.0,8.55,0.0,,30668.0,34408.0,,17.085762
HAB_MWII,36.603683,-121.889275,2025-01-15T16:10:00Z,2025-01-15,11.3,,,,1080.0,90.0,,13.416684
HAB_SCW,36.958,-122.017,2025-01-15T17:00:00Z,2025-01-15,12.3,2.99,0.0,,,0.0,,
NP,33.6061,-117.9311,2025-01-15T18:30:00Z,2025-01-15,14.0,3.14,0.0,,41580.0,10395.0,,17.246052
CPP,35.170204,-120.740685,2025-01-19T19:00:00Z,2025-01-19,12.0,1.36,0.0,,4797.6904,30918.45,,13.729518
SW,34.408043,-119.68485,2025-01-20T16:32:00Z,2025-01-20,13.2,1.118,0.0,,0.0,290.0,,
SMP,34.008,-118.499,2025-01-20T22:00:00Z,2025-01-20,15.0,2.43,0.086,,13090.0,3366.0,,17.085762
NP,33.6061,-117.9311,2025-01-21T18:30:00Z,2025-01-21,14.0,2.93,0.644,,7796.0,10395.0,,17.246052
SIO,32.867,-117.257,2025-01-21T20:35:00Z,2025-01-21,14.4,4.16,0.274,,29413.0,16271.0,,18.158442
HAB_SCW,36.958,-122.017,2025-01-22T15:45:00Z,2025-01-22,9.0,3.06,0.0,,,0.0,,
HAB_MWII,36.603683,-121.889275,2025-01-22T16:04:00Z,2025-01-22,11.5,,,,1170.0,0.0,,13.416684
CPP,35.170204,-120.740685,2025-01-26T17:46:00Z,2025-01-26,11.5,2.88,0.0,,4797.6904,1599.2302,,13.729518
SW,34.408043,-119.68485,2025-01-27T16:20:00Z,2025-01-27,12.1,4.893,0.0,,0.0,580.0,,
NP,33.6061,-117.9311,2025-01-27T18:30:00Z,2025-01-27,13.8,2.61,0.027,,10395.0,12994.0,,17.246052
SIO,32.867,-117.257,2025-01-27T20:13:00Z,2025-01-27,13.4,3.37,0.066,,22529.0,20026.0,,18.158442
SMP,34.008,-118.499,2025-01-27T22:00:00Z,2025-01-27,15.0,1.14,0.0,,374.0,1122.0,,17.085762
HAB_SCW,36.958,-122.017,2025-01-29T15:45:00Z,2025-01-29,10.7,1.23,0.0,,,0.0,,
HAB_MWII,36.603683,-121.889275,2025-01-29T16:02:00Z,2025-01-29,12.0,,,,4200.0,800.0,,13.416684
CPP,35.170204,-120.740685,2025-02-02T18:25:00Z,2025-02-02,12.5,3.15,0.0,,5863.8438,0.0,,13.729518
SW,34.408043,-119.68485,2025-02-03T16:25:00Z,2025-02-03,13.1,1.087,0.13,,0.0,4200.0,,
SIO,32.867,-117.257,2025-02-03T19:57:00Z,2025-02-03,14.0,6.16,0.0,,6258.0,626.0,,18.158442
SMP,34.008,-118.499,2025-02-03T21:00:00Z,2025-02-03,14.2,0.69,0.0,,0.0,374.0,,17.085762
NP,33.6061,-117.9311,2025-02-04T18:30:00Z,2025-02-04,14.0,5.15,0.094,,51975.0,46778.0,,17.246052
HAB_MWII,36.603683,-121.889275,2025-02-05T15:31:00Z,2025-02-05,12.1,,,,500.0,0.0,,13.416684
HAB_SCW,36.958,-122.017,2025-02-05T15:45:00Z,2025-02-05,10.6,2.05,0.000666,,,0.0,,
CPP,35.170204,-120.740685,2025-02-09T17:00:00Z,2025-02-09,12.5,4.22,0.0,,0.0,2665.3835,,13.729518
SW,34.408043,-119.68485,2025-02-10T16:38:00Z,2025-02-10,13.6,1.438,0.0,,0.0,1770.0,,
NP,33.6061,-117.9311,2025-02-10T18:30:00Z,2025-02-10,14.2,4.47,0.052,,18191.0,25988.0,,17.246052
SIO,32.867,-117.257,2025-02-10T19:58:00Z,2025-02-10,14.1,3.35,0.0,,2503.0,1252.0,,18.158442
SMP,34.008,-118.499,2025-02-10T21:00:00Z,2025-02-10,16.0,0.88,0.032,,1496.0,3366.0,,17.085762
HAB_SCW,36.958,-122.017,2025-02-12T16:00:00Z,2025-02-12,11.5,2.07,0.027448,,,0.0,,
HAB_MWII,36.603683,-121.889275,2025-02-12T16:15:00Z,2025-02-12,12.0,,,,600.0,0.0,,13.416684
CPP,35.170204,-120.740685,2025-02-16T16:00:00Z,2025-02-16,11.3,0.99,0.0,,5330.767,0.0,,13.729518
SMP,34.008,-118.499,2025-02-17T21:00:00Z,2025-02-17,16.0,0.53,0.0,,374.0,0.0,,17.085762
SW,34.408043,-119.68485,2025-02-18T16:29:00Z,2025-02-18,13.5,1.525,0.0,,0.0,2750.0,,
NP,33.6061,-117.9311,2025-02-18T18:30:00Z,2025-02-18,14.5,5.15,0.0,,7796.0,0.0,,17.246052
SIO,32.867,-117.257,2025-02-18T20:11:00Z,2025-02-18,15.0,4.02,2.196,,23780.0,115148.0,,18.158442
HAB_SCW,36.958,-122.017,2025-02-19T15:45:00Z,2025-02-19,11.8,1.06,0.0,,,0.0,,
HAB_MWII,36.603683,-121.889275,2025-02-19T15:52:00Z,2025-02-19,12.9,,,,500.0,300.0,,13.416684
CPP,35.170204,-120.740685,2025-02-23T17:55:00Z,2025-02-23,12.3,1.67,0.0,,0.0,3198.4604,,13.729518
SW,34.408043,-119.68485,2025-02-24T17:15:00Z,2025-02-24,13.8,1.026,0.0,,0.0,890.0,,
SMP,34.008,-118.499,2025-02-24T20:00:00Z,2025-02-24,16.0,5.26,0.261,,0.0,20196.0,,17.085762
SIO,32.867,-117.257,2025-02-24T20:39:00Z,2025-02-24,15.6,2.14,0.0,,5632.0,626.0,,18.158442
NP,33.6061,-117.9311,2025-02-25T18:30:00Z,2025-02-25,15.0,2.29,0.0,,0.0,0.0,,17.246052
HAB_SCW,36.958,-122.017,2025-02-26T15:45:00Z,2025-02-26,12.3,1.88,0.0,,,0.0,,
HAB_MWII,36.603683,-121.889275,2025-02-26T16:30:00Z,2025-02-26,13.0,,,,100.0,0.0,,13.416684
CPP,35.170204,-120.740685,2025-03-02T17:40:00Z,2025-03-02,12.0,4.35,0.0,,7463.074,2132.307,,13.729518
SW,34.408043,-119.68485,2025-03-03T16:20:00Z,2025-03-03,11.6,0.328,0.0,,0.0,0.0,,
SMP,34.008,-118.499,2025-03-03T19:00:00Z,2025-03-03,14.2,1.54,0.43,,1870.0,18326.0,,17.085762
NP,33.6061,-117.9311,2025-03-04T18:30:00Z,2025-03-04,13.2,3.44,0.0,,0.0,7796.0,,17.246052
SIO,32.867,-117.257,2025-03-04T20:19:00Z,2025-03-04,15.0,2.87,0.0,,9387.0,0.0,,18.158442
HAB_MWII,36.603683,-121.889275,2025-03-05T15:32:00Z,2025-03-05,12.8,,,,300.0,0.0,,13.416684
HAB_SCW,36.958,-122.017,2025-03-05T16:00:00Z,2025-03-05,11.8,1.08,0.0,,,0.0,,
CPP,35.170204,-120.740685,2025-03-09T16:55:00Z,2025-03-09,10.6,2.66,0.0,,6396.921,18657.686,,13.729518
SW,34.408043,-119.68485,2025-03-10T15:25:00Z,2025-03-10,11.3,2.212,1.698,,0.0,68510.0,,
NP,33.6061,-117.9311,2025-03-10T17:30:00Z,2025-03-10,13.0,12.39,1.118,,0.0,28586.0,,17.246052
SMP,34.008,-118.499,2025-03-10T19:00:00Z,2025-03-10,14.9,6.68,2.475,,0.0,1528442.0,,17.085762
SIO,32.867,-117.257,2025-03-10T19:13:00Z,2025-03-10,13.4,2.78,0.0,,12516.0,2503.0,,18.158442
HAB_MWII,36.603683,-121.889275,2025-03-12T15:11:00Z,2025-03-12,12.0,,,,4290.0,8800.0,,13.416684
HAB_SCW,36.958,-122.017,2025-03-12T15:30:00Z,2025-03-12,11.9,6.94,0.002081,,,200.0,,
CPP,35.170204,-120.740685,2025-03-16T16:30:00Z,2025-03-16,11.5,5.25,0.328,,0.0,46910.75,,13.729518
SW,34.408043,-119.68485,2025-03-17T15:19:00Z,2025-03-17,12.6,1.698,1.504,,580.0,66880.0,,
NP,33.6061,-117.9311,2025-03-17T17:30:00Z,2025-03-17,14.0,3.5,0.2,,0.0,38982.0,,17.246052
SMP,34.008,-118.499,2025-03-17T18:00:00Z,2025-03-17,14.8,15.62,1.238,,0.0,1042667.0,,17.085762
SIO,32.867,-117.257,2025-03-17T18:50:00Z,2025-03-17,15.1,2.59,0.021,,0.0,1877.0,,18.158442
HAB_SCW,36.958,-122.017,2025-03-19T15:15:00Z,2025-03-19,12.0,2.5,0.028227,,,5250.0,,
HAB_MWII,36.603683,-121.889275,2025-03-19T15:32:00Z,2025-03-19,12.2,,,,11160.0,7080.0,,13.416684
CPP,35.170204,-120.740685,2025-03-23T17:00:00Z,2025-03-23,11.6,2.92,0.378,,0.0,83159.97,,13.729518
SW,34.408043,-119.68485,2025-03-24T14:51:00Z,2025-03-24,14.5,1.198,0.261,,290.0,8400.0,,
NP,33.6061,-117.9311,2025-03-24T17:30:00Z,2025-03-24,14.0,4.64,0.229,,18191.0,72766.0,,17.246052
SMP,34.008,-118.499,2025-03-24T18:00:00Z,2025-03-24,16.1,5.68,2.268,,0.0,121924.0,,17.085762
SIO,32.867,-117.257,2025-03-24T19:10:00Z,2025-03-24,16.0,19.06,1.34,,9387.0,242811.0,,18.158442
HAB_SCW,36.958,-122.017,2025-03-26T14:45:00Z,2025-03-26,12.5,3.83,0.485628,,,56100.0,,
HAB_MWII,36.603683,-121.889275,2025-03-26T15:14:00Z,2025-03-26,14.0,,,,2600.0,100.0,,13.416684
CPP,35.170204,-120.740685,2025-03-30T16:47:00Z,2025-03-30,11.7,5.2,0.712,,11727.6875,49043.06,,13.729518
SW,34.408043,-119.68485,2025-03-31T15:25:00Z,2025-03-31,14.9,2.077,0.0,,0.0,1740.0,,
SMP,34.008,-118.499,2025-03-31T18:00:00Z,2025-03-31,15.1,7.38,1.692,,0.0,55352.0,,17.085762
SIO,32.867,-117.257,2025-03-31T19:40:00Z,2025-03-31,14.0,9.94,1.072,,3755.0,169592.0,,18.158442
NP,33.6061,-117.9311,2025-04-01T17:30:00Z,2025-04-01,13.5,12.74,1.491,,5198.0,83161.0,,17.246052
HAB_MWII,36.603683,-121.889275,2025-04-02T14:55:00Z,2025-04-02,12.1,,,,147150.0,3150.0,,13.416684
HAB_SCW,36.958,-122.017,2025-04-02T17:30:00Z,2025-04-02,13.0,2.41,0.151884,,,3250.0,,
CPP,35.170204,-120.740685,2025-04-06T16:15:00Z,2025-04-06,11.9,9.99,0.497,,3198.4604,115144.57,,13.729518
SW,34.408043,-119.68485,2025-04-07T15:20:00Z,2025-04-07,11.9,0.142,0.0,,0.0,2610.0,,
NP,33.6061,-117.9311,2025-04-07T17:30:00Z,2025-04-07,12.0,19.0,0.439,,5198.0,10395.0,,17.246052
SMP,34.008,-118.499,2025-04-07T18:00:00Z,2025-04-07,13.3,21.27,2.025,,0.0,218599.0,,17.085762
SIO,32.867,-117.257,2025-04-07T19:30:00Z,2025-04-07,15.3,20.38,2.024,,20025.0,17522.0,,18.158442
HAB_MWII,36.603683,-121.889275,2025-04-09T14:15:00Z,2025-04-09,14.0,,,,1900.0,2100.0,,13.416684
HAB_SCW,36.958,-122.017,2025-04-09T16:40:00Z,2025-04-09,13.7,2.81,0.279264,,,37000.0,,
CPP,35.170204,-120.740685,2025-04-13T17:05:00Z,2025-04-13,11.3,2.4,0.219,,0.0,64502.285,,13.729518
SW,34.408043,-119.68485,2025-04-14T15:25:00Z,2025-04-14,13.9,4.116,0.484,,0.0,70930.0,,
NP,33.6061,-117.9311,2025-04-14T17:30:00Z,2025-04-14,15.0,8.28,3.109,,0.0,116945.0,,17.246052
SMP,34.008,-118.499,2025-04-14T18:00:00Z,2025-04-14,14.8,5.38,0.266,,0.0,217627.0,,17.085762
SIO,32.867,-117.257,2025-04-14T19:08:00Z,2025-04-14,16.3,4.02,0.477,,1252.0,122031.0,,18.158442
HAB_MWII,36.603683,-121.889275,2025-04-16T13:46:00Z,2025-04-16,11.9,,,,2500.0,17400.0,,13.416684
HAB_SCW,36.958,-122.017,2025-04-16T15:30:00Z,2025-04-16,12.2,13.43,0.289188,,,48100.0,,
CPP,35.170204,-120.740685,2025-04-20T16:58:00Z,2025-04-20,13.3,8.08,0.06,,2132.307,25587.684,,13.729518
SW,34.408043,-119.68485,2025-04-21T15:24:00Z,2025-04-21,13.4,4.63,1.521,,0.0,66010.0,,
SMP,34.008,-118.499,2025-04-21T18:00:00Z,2025-04-21,16.2,14.2,0.0,,0.0,0.0,,17.085762
SIO,32.867,-117.257,2025-04-21T19:16:00Z,2025-04-21,16.3,3.32,1.536,,23780.0,90741.0,,18.158442
HAB_MWII,36.603683,-121.889275,2025-04-23T15:22:00Z,2025-04-23,13.0,,,,6100.0,5600.0,,13.416684
HAB_SCW,36.958,-122.017,2025-04-23T15:30:00Z,2025-04-23,12.7,3.81,0.667954,,,2300.0,,
NP,33.6061,-117.9311,2025-04-23T17:30:00Z,2025-04-23,14.8,11.69,0.045,,5198.0,12994.0,,17.246052
CPP,35.170204,-120.740685,2025-04-27T17:13:00Z,2025-04-27,12.3,4.81,0.244,,2132.307,77296.125,,13.729518
SW,34.408043,-119.68485,2025-04-28T15:25:00Z,2025-04-28,13.5,3.691,0.684,,113490.0,0.0,,
SMP,34.008,-118.499,2025-04-28T19:00:00Z,2025-04-28,16.9,5.04,0.0,,0.0,0.0,,17.085762
SIO,32.867,-117.257,2025-04-28T19:21:00Z,2025-04-28,16.9,1.2,0.244,,11264.0,17522.0,,18.158442
NP,33.6061,-117.9311,2025-04-29T17:30:00Z,2025-04-29,15.9,4.16,0.025,,0.0,7796.0,,17.246052
HAB_MWII,36.603683,-121.889275,2025-04-30T15:11:00Z,2025-04-30,13.1,,,,11600.0,9600.0,,13.416684
HAB_SCW,36.958,-122.017,2025-04-30T15:30:00Z,2025-04-30,13.4,7.14,0.123699,,,0.0,,
CPP,35.170204,-120.740685,2025-05-04T17:30:00Z,2025-05-04,12.3,1.74,0.0,,1066.1534,0.0,,13.729518
SW,34.408043,-119.68485,2025-05-05T15:40:00Z,2025-05-05,15.6,0.27,0.234,,44870.0,0.0,,
SIO,32.867,-117.257,2025-05-05T19:33:00Z,2025-05-05,16.8,1.28,0.0,,3129.0,1252.0,,18.158442
SMP,34.008,-118.499,2025-05-05T21:00:00Z,2025-05-05,17.1,32.3,0.0,,0.0,0.0,,17.085762
HAB_MWII,36.603683,-121.889275,2025-05-07T14:32:00Z,2025-05-07,14.1,,,,540.0,720.0,,13.416684
HAB_SCW,36.958,-122.017,2025-05-07T15:45:00Z,2025-05-07,13.6,3.46,0.0,,,0.0,,
CPP,35.170204,-120.740685,2025-05-12T14:25:00Z,2025-05-12,14.8,4.56,0.0,,13859.995,22389.223,,13.729518
SW,34.408043,-119.68485,2025-05-12T15:34:00Z,2025-05-12,16.9,0.716,0.0,,1010.0,2030.0,,
NP,33.6061,-117.9311,2025-05-12T17:30:00Z,2025-05-12,17.0,2.74,0.0,,0.0,7796.0,,17.246052
SIO,32.867,-117.257,2025-05-12T19:23:00Z,2025-05-12,18.2,0.64,0.0,,5007.0,626.0,,18.158442
SMP,34.008,-118.499,2025-05-12T20:00:00Z,2025-05-12,18.9,0.83,0.0,,3740.0,0.0,,17.085762
HAB_MWII,36.603683,-121.889275,2025-05-14T14:40:00Z,2025-05-14,14.1,,,,3600.0,40700.0,,13.416684
HAB_SCW,36.958,-122.017,2025-05-14T15:30:00Z,2025-05-14,13.3,,0.046105,,,10450.0,,
CPP,35.170204,-120.740685,2025-05-18T17:05:00Z,2025-05-18,13.0,13.51,0.0,,18657.686,23455.375,,13.729518
SW,34.408043,-119.68485,2025-05-19T15:21:00Z,2025-05-19,16.8,2.071,0.0,,0.0,0.0,,
SIO,32.867,-117.257,2025-05-19T18:52:00Z,2025-05-19,17.6,2.16,0.0,,7510.0,1877.0,,18.158442
SMP,34.008,-118.499,2025-05-19T21:00:00Z,2025-05-19,19.0,0.25,0.0,,0.0,0.0,,17.085762
HAB_MWII,36.603683,-121.889275,2025-05-21T14:39:00Z,2025-05-21,14.0,,,,4180.0,39235.0,,13.416684
HAB_SCW,36.958,-122.017,2025-05-21T16:00:00Z,2025-05-21,14.1,4.46,1.140381,,,149600.0,,
NP,33.6061,-117.9311,2025-05-21T17:30:00Z,2025-05-21,19.0,1.36,0.0,,0.0,0.0,,17.246052
SW,34.408043,-119.68485,2025-05-26T15:24:00Z,2025-05-26,17.9,0.549,0.0,,0.0,0.0,,
CPP,35.170204,-120.740685,2025-05-26T16:35:00Z,2025-05-26,13.2,15.12,0.022,,17058.455,49043.06,,13.729518
SMP,34.008,-118.499,2025-05-26T21:00:00Z,2025-05-26,20.0,0.37,0.0,,748.0,748.0,,17.085762
NP,33.6061,-117.9311,2025-05-27T17:30:00Z,2025-05-27,18.0,0.42,0.0,,0.0,0.0,,17.246052
SIO,32.867,-117.257,2025-05-27T19:56:00Z,2025-05-27,20.2,0.68,0.0,,5632.0,626.0,,18.158442
HAB_MWII,36.603683,-121.889275,2025-05-28T14:47:00Z,2025-05-28,12.0,,,,3100.0,27500.0,,13.416684
HAB_SCW,36.958,-122.017,2025-05-28T15:00:00Z,2025-05-28,13.7,4.13,0.142044,,,47800.0,,
CPP,35.170204,-120.740685,2025-06-01T16:53:00Z,2025-06-01,14.4,4.58,0.0,,1599.2302,6396.921,,13.729518
SW,34.408043,-119.68485,2025-06-02T15:21:00Z,2025-06-02,17.2,3.623,0.0,,0.0,0.0,,
SIO,32.867,-117.257,2025-06-02T19:10:00Z,2025-06-02,18.1,2.13,0.0,,170218.0,7510.0,,18.158442
SMP,34.008,-118.499,2025-06-02T21:00:00Z,2025-06-02,19.8,0.11,0.0,,748.0,0.0,,17.085762
HAB_MWII,36.603683,-121.889275,2025-06-04T14:26:00Z,2025-06-04,15.0,,,,2500.0,1400.0,,13.416684
HAB_SCW,36.958,-122.017,2025-06-04T15:20:00Z,2025-06-04,13.5,6.02,0.0,,,0.0,,
NP,33.6061,-117.9311,2025-06-04T17:30:00Z,2025-06-04,16.0,3.06,0.0,,12994.0,0.0,,17.246052
CPP,35.170204,-120.740685,2025-06-08T16:30:00Z,2025-06-08,15.1,15.33,0.0,,0.0,0.0,,13.729518
SW,34.408043,-119.68485,2025-06-09T15:19:00Z,2025-06-09,16.0,0.344,0.0,,2320.0,0.0,,
SMP,34.008,-118.499,2025-06-09T19:00:00Z,2025-06-09,18.5,0.36,0.0,,748.0,374.0,,17.085762
SIO,32.867,-117.257,2025-06-09T19:05:00Z,2025-06-09,17.3,21.17,0.0,,103883.0,7510.0,,18.158442
HAB_SCW,36.958,-122.017,2025-06-11T15:30:00Z,2025-06-11,15.3,2.65,0.0,,,0.0,,
SW,34.408043,-119.68485,2025-06-16T15:24:00Z,2025-06-16,17.8,1.498,0.0,,4630.0,0.0,,
CPP,35.170204,-120.740685,2025-06-16T16:15:00Z,2025-06-16,15.5,15.47,0.0,,21856.146,31984.604,,13.729518
NP,33.6061,-117.9311,2025-06-16T18:30:00Z,2025-06-16,18.5,1.79,0.044,,93556.0,0.0,,17.246052
SMP,34.008,-118.499,2025-06-16T19:00:00Z,2025-06-16,20.0,0.22,0.083,,0.0,748.0,,17.085762
SIO,32.867,-117.257,2025-06-16T19:41:00Z,2025-06-16,20.0,0.8,0.0,,39426.0,3755.0,,18.158442
HAB_MWII,36.603683,-121.889275,2025-06-18T13:52:00Z,2025-06-18,13.5,,,,22135.0,8265.0,,13.416684
HAB_SCW,36.958,-122.017,2025-06-18T17:50:00Z,2025-06-18,15.0,7.43,0.018755,,,0.0,,
SW,34.408043,-119.68485,2025-06-23T15:25:00Z,2025-06-23,17.9,0.766,0.12,,0.0,0.0,,
CPP,35.170204,-120.740685,2025-06-23T16:30:00Z,2025-06-23,12.9,6.04,0.0,,226024.53,29319.22,,13.729518
NP,33.6061,-117.9311,2025-06-23T17:30:00Z,2025-06-23,19.0,2.17,0.0,,38982.0,2599.0,,17.246052
SMP,34.008,-118.499,2025-06-23T18:00:00Z,2025-06-23,20.5,0.08,0.0,,14212.0,6732.0,,17.085762
SIO,32.867,-117.257,2025-06-23T19:22:00Z,2025-06-23,20.7,1.37,0.0,,81419.0,2961.0,,18.158442
HAB_MWII,36.603683,-121.889275,2025-06-25T14:28:00Z,2025-06-25,12.0,,,,8000.0,9700.0,,13.416684
HAB_SCW,36.958,-122.017,2025-06-25T16:00:00Z,2025-06-25,13.7,8.02,0.00797,,,1450.0,,
SW,34.408043,-119.68485,2025-06-30T16:00:00Z,2025-06-30,16.9,0.918,0.0,,0.0,0.0,,
CPP,35.170204,-120.740685,2025-06-30T17:00:00Z,2025-06-30,14.5,6.27,0.0,,0.0,0.0,,13.729518
SMP,34.008,-118.499,2025-06-30T21:00:00Z,2025-06-30,22.0,0.23,0.0,,0.0,1122.0,,17.085762
SIO,32.867,-117.257,2025-06-30T21:36:00Z,2025-06-30,20.2,3.15,0.0,,219092.0,37009.0,,18.158442
HAB_MWII,36.603683,-121.889275,2025-07-02T14:32:00Z,2025-07-02,14.0,,,,452000.0,22700.0,,13.416684
HAB_SCW,36.958,-122.017,2025-07-02T15:45:00Z,2025-07-02,13.1,2.23,0.005441,,,500.0,,
SW,34.408043,-119.68485,2025-07-07T15:23:00Z,2025-07-07,17.6,0.526,0.0,,0.0,0.0,,
CPP,35.170204,-120.740685,2025-07-07T16:10:00Z,2025-07-07,15.2,4.37,0.0,,0.0,0.0,,13.729518
NP,33.6061,-117.9311,2025-07-07T17:30:00Z,2025-07-07,18.0,3.62,0.0,,80562.0,5198.0,,17.246052
SMP,34.008,-118.499,2025-07-07T18:00:00Z,2025-07-07,21.0,0.28,0.0,,748.0,0.0,,17.085762
SIO,32.867,-117.257,2025-07-07T19:10:00Z,2025-07-07,21.3,2.42,0.0,,119528.0,2503.0,,18.158442
HAB_MWII,36.603683,-121.889275,2025-07-09T14:31:00Z,2025-07-09,14.6,,,,90.0,180.0,,13.416684
HAB_SCW,36.958,-122.017,2025-07-09T15:45:00Z,2025-07-09,13.5,3.16,0.0,,,0.0,,
SW,34.408043,-119.68485,2025-07-14T15:26:00Z,2025-07-14,15.4,1.71,0.0,,0.0,0.0,,
CPP,35.170204,-120.740685,2025-07-14T15:45:00Z,2025-07-14,15.0,23.13,0.0,,1066.1534,0.0,,13.729518
SMP,34.008,-118.499,2025-07-14T17:00:00Z,2025-07-14,20.0,0.5,0.0,,0.0,0.0,,17.085762
NP,33.6061,-117.9311,2025-07-14T17:30:00Z,2025-07-14,17.0,4.14,0.0,,28586.0,0.0,,17.246052
SIO,32.867,-117.257,2025-07-14T19:30:00Z,2025-07-14,20.2,5.23,0.0,,30664.0,1252.0,,18.158442
HAB_SCW,36.958,-122.017,2025-07-16T16:00:00Z,2025-07-16,14.9,4.21,1.794231,,,0.0,,
SW,34.408043,-119.68485,2025-07-21T15:30:00Z,2025-07-21,16.8,3.051,0.0,,0.0,0.0,,
CPP,35.170204,-120.740685,2025-07-21T15:53:00Z,2025-07-21,14.8,8.52,0.0,,9062.305,0.0,,13.729518
NP,33.6061,-117.9311,2025-07-21T17:30:00Z,2025-07-21,20.0,1.85,0.0,,0.0,0.0,,17.246052
SIO,32.867,-117.257,2025-07-21T18:56:00Z,2025-07-21,20.8,4.6,0.0,,29049.0,8714.0,,18.158442
SMP,34.008,-118.499,2025-07-21T19:00:00Z,2025-07-21,20.8,0.95,0.0,,0.0,0.0,,17.085762
HAB_MWII,36.603683,-121.889275,2025-07-23T14:21:00Z,2025-07-23,16.0,,,,2164000.0,2100.0,,13.416684
HAB_SCW,36.958,-122.017,2025-07-23T16:00:00Z,2025-07-23,15.2,2.32,0.279813,,,750.0,,
SW,34.408043,-119.68485,2025-07-28T14:05:00Z,2025-07-28,16.5,7.312,0.0,,0.0,0.0,,
CPP,35.170204,-120.740685,2025-07-28T16:05:00Z,2025-07-28,15.3,9.92,0.074,,68233.82,4264.614,,13.729518
NP,33.6061,-117.9311,2025-07-28T17:30:00Z,2025-07-28,17.0,7.23,0.0,,7796.0,5198.0,,17.246052
SIO,32.867,-117.257,2025-07-28T19:15:00Z,2025-07-28,21.7,2.28,0.0,,3909.0,0.0,,18.158442
HAB_MWII,36.603683,-121.889275,2025-07-30T14:27:00Z,2025-07-30,17.4,,,,572000.0,7400.0,,13.416684
HAB_SCW,36.958,-122.017,2025-07-30T16:00:00Z,2025-07-30,17.2,2.81,0.010429,,,0.0,,
SW,34.408043,-119.68485,2025-08-04T15:24:00Z,2025-08-04,16.8,6.943,0.0,,0.0,0.0,,
CPP,35.170204,-120.740685,2025-08-04T16:05:00Z,2025-08-04,15.0,15.96,0.71,,858253.5,4264.614,,13.729518
SIO,32.867,-117.257,2025-08-04T20:14:00Z,2025-08-04,18.1,5.37,0.0,,12516.0,0.0,,18.158442
SMP,34.008,-118.499,2025-08-04T21:00:00Z,2025-08-04,21.5,0.45,0.0,,0.0,374.0,,17.085762
NP,33.6061,-117.9311,2025-08-05T17:30:00Z,2025-08-05,19.0,0.98,0.0,,5198.0,0.0,,17.246052
HAB_MWII,36.603683,-121.889275,2025-08-06T14:38:00Z,2025-08-06,15.5,,,,133100.0,34900.0,,13.416684
HAB_SCW,36.958,-122.017,2025-08-06T16:00:00Z,2025-08-06,15.9,14.28,0.016471,,,0.0,,
CPP,35.170204,-120.740685,2025-08-10T17:00:00Z,2025-08-10,15.6,9.17,0.539,,406204.47,57039.21,,13.729518
SW,34.408043,-119.68485,2025-08-11T15:28:00Z,2025-08-11,17.4,1.227,0.0,,290.0,0.0,,
SMP,34.008,-118.499,2025-08-11T19:00:00Z,2025-08-11,21.8,1.02,0.0,,0.0,0.0,,17.085762
SIO,32.867,-117.257,2025-08-11T19:40:00Z,2025-08-11,22.6,1.19,0.0,,2504.0,626.0,,18.158442
NP,33.6061,-117.9311,2025-08-12T17:30:00Z,2025-08-12,20.0,0.82,0.0,,5198.0,0.0,,17.246052
HAB_MWII,36.603683,-121.889275,2025-08-13T14:33:00Z,2025-08-13,15.4,,,,413200.0,57500.0,,13.416684
HAB_SCW,36.958,-122.017,2025-08-13T15:45:00Z,2025-08-13,15.7,9.07,0.719914,,,5100.0,,
SW,34.408043,-119.68485,2025-08-18T15:25:00Z,2025-08-18,19.0,1.193,0.0,,0.0,0.0,,
CPP,35.170204,-120.740685,2025-08-18T16:20:00Z,2025-08-18,15.6,14.0,0.707,,930751.94,33583.832,,13.729518
SMP,34.008,-118.499,2025-08-18T19:00:00Z,2025-08-18,22.0,2.05,0.0,,0.0,0.0,,17.085762
SIO,32.867,-117.257,2025-08-18T19:25:00Z,2025-08-18,22.3,1.1,0.0,,10013.0,0.0,,18.158442
HAB_MWII,36.603683,-121.889275,2025-08-20T14:35:00Z,2025-08-20,16.0,,,,73400.0,28300.0,,13.416684
HAB_SCW,36.958,-122.017,2025-08-20T15:30:00Z,2025-08-20,17.1,5.48,0.314688,,,0.0,,
SW,34.408043,-119.68485,2025-08-25T15:17:00Z,2025-08-25,19.6,1.15,0.0,,0.0,0.0,,
NP,33.6061,-117.9311,2025-08-25T17:30:00Z,2025-08-25,23.0,0.83,0.0,,0.0,0.0,,17.246052
SIO,32.867,-117.257,2025-08-25T19:03:00Z,2025-08-25,23.0,1.86,0.0,,11890.0,0.0,,18.158442
SMP,34.008,-118.499,2025-08-25T21:00:00Z,2025-08-25,23.8,1.74,0.0,,0.0,1122.0,,17.085762
CPP,35.170204,-120.740685,2025-08-26T13:30:00Z,2025-08-26,16.8,12.67,0.0,,1066.1534,0.0,,13.729518
HAB_MWII,36.603683,-121.889275,2025-08-27T14:36:00Z,2025-08-27,14.0,,,,17900.0,27100.0,,13.416684
HAB_SCW,36.958,-122.017,2025-08-27T16:00:00Z,2025-08-27,15.4,5.7,0.18004,,,0.0,,
SW,34.408043,-119.68485,2025-09-01T15:30:00Z,2025-09-01,20.4,0.759,0.0,,0.0,0.0,,
CPP,35.170204,-120.740685,2025-09-01T16:15:00Z,2025-09-01,18.7,4.21,0.0,,71965.36,0.0,,13.729518
SMP,34.008,-118.499,2025-09-01T21:00:00Z,2025-09-01,23.5,1.59,0.0,,0.0,0.0,,17.085762
SIO,32.867,-117.257,2025-09-02T18:32:00Z,2025-09-02,23.1,1.39,0.0,,13768.0,0.0,,18.158442
HAB_MWII,36.603683,-121.889275,2025-09-03T14:20:00Z,2025-09-03,15.0,,,,,,,13.416684
HAB_SCW,36.958,-122.017,2025-09-03T15:30:00Z,2025-09-03,16.8,4.98,0.0,,,0.0,,
SW,34.408043,-119.68485,2025-09-08T15:25:00Z,2025-09-08,20.5,0.467,0.0,,0.0,0.0,,
CPP,35.170204,-120.740685,2025-09-08T16:12:00Z,2025-09-08,17.6,12.69,0.0,,13859.995,0.0,,13.729518
SIO,32.867,-117.257,2025-09-08T18:52:00Z,2025-09-08,23.4,0.94,0.0,,3129.0,6884.0,,18.158442
SMP,34.008,-118.499,2025-09-08T21:00:00Z,2025-09-08,23.5,1.09,0.0,,1122.0,374.0,,17.085762
NP,33.6061,-117.9311,2025-09-09T16:00:00Z,2025-09-09,19.0,1.37,0.0,,0.0,0.0,,17.246052
HAB_MWII,36.603683,-121.889275,2025-09-10T14:40:00Z,2025-09-10,16.8,,,,,,,13.416684
HAB_SCW,36.958,-122.017,2025-09-10T15:15:00Z,2025-09-10,16.2,9.78,0.0,,,0.0,,
SW,34.408043,-119.68485,2025-09-15T15:18:00Z,2025-09-15,19.9,0.56,0.0,,0.0,0.0,,
CPP,35.170204,-120.740685,2025-09-15T16:27:00Z,2025-09-15,16.8,8.8,0.0,,12793.842,1066.1534,,13.729518
NP,33.6061,-117.9311,2025-09-15T17:00:00Z,2025-09-15,21.0,2.12,0.0,,0.0,0.0,,17.246052
SIO,32.867,-117.257,2025-09-15T18:06:00Z,2025-09-15,21.5,0.62,0.0,,3755.0,6258.0,,18.158442
SMP,34.008,-118.499,2025-09-15T22:00:00Z,2025-09-15,23.0,2.05,0.0,,0.0,0.0,,17.085762
HAB_MWII,36.603683,-121.889275,2025-09-17T14:45:00Z,2025-09-17,17.5,,,,,,,13.416684
HAB_SCW,36.958,-122.017,2025-09-17T16:00:00Z,2025-09-17,17.1,9.69,0.0,,,0.0,,
CPP,35.170204,-120.740685,2025-09-21T16:34:00Z,2025-09-21,17.1,7.33,0.0,,4264.614,0.0,,13.729518
NP,33.6061,-117.9311,2025-09-22T17:00:00Z,2025-09-22,19.0,3.47,,,5198.0,0.0,,17.246052
SW,34.408043,-119.68485,2025-09-22T17:04:00Z,2025-09-22,20.1,1.071,0.0,,0.0,0.0,,
SIO,32.867,-117.257,2025-09-22T19:16:00Z,2025-09-22,16.9,1.53,0.0,,15019.0,3755.0,,18.158442
SMP,34.008,-118.499,2025-09-22T21:00:00Z,2025-09-22,23.0,1.5,0.0,,0.0,0.0,,17.085762
HAB_SCW,36.958,-122.017,2025-09-24T15:30:00Z,2025-09-24,16.8,10.43,0.0,,,0.0,,
HAB_MWII,36.603683,-121.889275,2025-09-24T18:38:00Z,2025-09-24,17.0,,,,,,,13.416684
CPP,35.170204,-120.740685,2025-09-28T16:58:00Z,2025-09-28,16.8,54.48,0.0,,0.0,0.0,,13.729518
SW,34.408043,-119.68485,2025-09-29T15:14:00Z,2025-09-29,19.1,1.302,0.0,,0.0,0.0,,
NP,33.6061,-117.9311,2025-09-29T17:00:00Z,2025-09-29,19.0,1.55,,,0.0,5198.0,,17.246052
SIO,32.867,-117.257,2025-09-29T19:08:00Z,2025-09-29,19.7,1.32,0.0,,0.0,1252.0,,18.158442
SMP,34.008,-118.499,2025-09-29T21:00:00Z,2025-09-29,21.0,1.57,0.0,,0.0,0.0,,17.085762
HAB_MWII,36.603683,-121.889275,2025-10-01T14:22:00Z,2025-10-01,17.0,,,,,,,13.416684
HAB_SCW,36.958,-122.017,2025-10-01T16:00:00Z,2025-10-01,17.3,10.48,0.0,,,0.0,,
CPP,35.170204,-120.740685,2025-10-05T16:34:00Z,2025-10-05,16.3,11.8,0.0,,3198.4604,0.0,,13.729518
SW,34.408043,-119.68485,2025-10-06T15:40:00Z,2025-10-06,19.5,0.959,0.0,,0.0,0.0,,
NP,33.6061,-117.9311,2025-10-06T17:00:00Z,2025-10-06,18.8,0.57,,,,,,17.246052
SIO,32.867,-117.257,2025-10-06T19:03:00Z,2025-10-06,19.8,2.12,0.0,,3129.0,0.0,,18.158442
SMP,34.008,-118.499,2025-10-06T21:00:00Z,2025-10-06,21.0,1.94,0.0,,0.0,0.0,,17.085762
HAB_MWII,36.603683,-121.889275,2025-10-08T15:03:00Z,2025-10-08,15.5,,,,,,,13.416684
HAB_SCW,36.958,-122.017,2025-10-08T15:30:00Z,2025-10-08,17.2,1.41,0.0,,,0.0,,
CPP,35.170204,-120.740685,2025-10-12T15:57:00Z,2025-10-12,14.0,2.75,0.0,,5330.767,0.0,,13.729518
SW,34.408043,-119.68485,2025-10-13T15:17:00Z,2025-10-13,18.5,1.302,,,0.0,1160.0,,
NP,33.6061,-117.9311,2025-10-13T17:00:00Z,2025-10-13,17.5,1.64,,,,,,17.246052
SIO,32.867,-117.257,2025-10-13T19:32:00Z,2025-10-13,16.8,2.32,0.0,,3129.0,5632.0,,18.158442
SMP,34.008,-118.499,2025-10-13T22:00:00Z,2025-10-13,19.0,2.57,,,0.0,0.0,,17.085762
HAB_MWII,36.603683,-121.889275,2025-10-15T14:51:00Z,2025-10-15,15.8,,,,,,,13.416684
HAB_SCW,36.958,-122.017,2025-10-15T15:30:00Z,2025-10-15,15.7,2.83,0.071,,,0.0,,
CPP,35.170204,-120.740685,2025-10-19T16:10:00Z,2025-10-19,14.1,6.98,0.0,,73031.51,5330.767,,13.729518
SW,34.408043,-119.68485,2025-10-20T15:09:00Z,2025-10-20,18.1,0.831,,,1300.0,1010.0,,
SMP,34.008,-118.499,2025-10-20T21:00:00Z,2025-10-20,20.5,1.36,,,1496.0,0.0,,17.085762
SIO,32.867,-117.257,2025-10-20T21:21:00Z,2025-10-20,18.5,0.97,0.0,,6258.0,8761.0,,18.158442
HAB_SCW,36.958,-122.017,2025-10-22T15:30:00Z,2025-10-22,15.2,2.7,0.0014,,,0.0,,
HAB_MWII,36.603683,-121.889275,2025-10-22T16:17:00Z,2025-10-22,15.1,,,,,,,13.416684
CPP,35.170204,-120.740685,2025-10-26T16:27:00Z,2025-10-26,14.7,2.83,0.0,,3731.537,0.0,,13.729518
SW,34.408043,-119.68485,2025-10-27T15:15:00Z,2025-10-27,17.6,0.332,,,0.0,1740.0,,
NP,33.6061,-117.9311,2025-10-27T17:00:00Z,2025-10-27,17.3,2.33,,,,,,17.246052
SIO,32.867,-117.257,2025-10-27T19:14:00Z,2025-10-27,18.6,2.49,0.0,,8135.0,0.0,,18.158442
SMP,34.008,-118.499,2025-10-27T21:00:00Z,2025-10-27,18.5,0.73,,,0.0,748.0,,17.085762
HAB_SCW,36.958,-122.017,2025-10-29T15:30:00Z,2025-10-29,14.7,1.43,0.0022,,,0.0,,
HAB_MWII,36.603683,-121.889275,2025-10-29T17:00:00Z,2025-10-29,16.0,,,,,,,13.416684
CPP,35.170204,-120.740685,2025-11-02T17:35:00Z,2025-11-02,14.6,6.7,0.0,,18124.61,5330.767,,13.729518
SW,34.408043,-119.68485,2025-11-03T16:19:00Z,2025-11-03,17.2,1.235,,,2610.0,0.0,,
NP,33.6061,-117.9311,2025-11-03T18:00:00Z,2025-11-03,17.5,1.02,0.0,,0.0,0.0,,17.246052
SIO,32.867,-117.257,2025-11-03T20:11:00Z,2025-11-03,20.0,1.39,0.0,,2503.0,0.0,,18.158442
SMP,34.008,-118.499,2025-11-03T21:00:00Z,2025-11-03,19.0,1.37,,,0.0,748.0,,17.085762
HAB_MWII,36.603683,-121.889275,2025-11-05T15:35:00Z,2025-11-05,12.8,,,,,,,13.416684
HAB_SCW,36.958,-122.017,2025-11-05T16:00:00Z,2025-11-05,14.7,2.59,0.000596,,,400.0,,
CPP,35.170204,-120.740685,2025-11-09T17:37:00Z,2025-11-09,15.0,2.96,0.0,,0.0,4264.614,,13.729518
SW,34.408043,-119.68485,2025-11-10T16:12:00Z,2025-11-10,17.8,0.51,,,0.0,0.0,,
NP,33.6061,-117.9311,2025-11-10T18:00:00Z,2025-11-10,17.0,1.53,0.0,,0.0,2599.0,,17.246052
SIO,32.867,-117.257,2025-11-10T19:52:00Z,2025-11-10,19.0,2.96,0.0,,3129.0,626.0,,18.158442
SMP,34.008,-118.499,2025-11-10T21:00:00Z,2025-11-10,18.5,0.89,,,0.0,0.0,,17.085762
HAB_SCW,36.958,-122.017,2025-11-12T16:00:00Z,2025-11-12,14.5,5.25,0.000638,,,0.0,,
HAB_MWII,36.603683,-121.889275,2025-11-12T16:26:00Z,2025-11-12,14.0,,,,,,,13.416684
CPP,35.170204,-120.740685,2025-11-16T18:12:00Z,2025-11-16,15.1,16.0,0.0,,3198.4604,0.0,,13.729518
SW,34.408043,-119.68485,2025-11-17T16:15:00Z,2025-11-17,17.1,6.065,,,0.0,0.0,,
SMP,34.008,-118.499,2025-11-17T18:00:00Z,2025-11-17,18.0,0.27,,,0.0,0.0,,17.085762
NP,33.6061,-117.9311,2025-11-17T18:00:00Z,2025-11-17,17.5,0.88,0.0,,0.0,0.0,,17.246052
SIO,32.867,-117.257,2025-11-17T20:01:00Z,2025-11-17,18.9,0.85,0.0,,0.0,0.0,,18.158442
HAB_MWII,36.603683,-121.889275,2025-11-19T16:25:00Z,2025-11-19,14.0,,,,,,,13.416684
HAB_SCW,36.958,-122.017,2025-11-19T16:30:00Z,2025-11-19,13.9,1.14,0.000893,,,0.0,,
CPP,35.170204,-120.740685,2025-11-23T16:30:00Z,2025-11-23,14.5,1.9,0.0,,1066.1534,0.0,,13.729518
SW,34.408043,-119.68485,2025-11-24T14:38:00Z,2025-11-24,16.8,,,,0.0,0.0,,
NP,33.6061,-117.9311,2025-11-24T18:00:00Z,2025-11-24,16.5,1.6,0.0,,0.0,0.0,,17.246052
SIO,32.867,-117.257,2025-11-24T20:01:00Z,2025-11-24,17.5,1.03,0.0,,,,,18.158442
SMP,34.008,-118.499,2025-11-24T21:00:00Z,2025-11-24,18.0,0.23,,,0.0,374.0,,17.085762
HAB_SCW,36.958,-122.017,2025-11-26T16:30:00Z,2025-11-26,13.5,1.37,0.0,,,0.0,,
CPP,35.170204,-120.740685,2025-11-30T17:00:00Z,2025-11-30,15.3,3.27,0.0,,11194.611,9062.305,,13.729518
SW,34.408043,-119.68485,2025-12-01T16:16:00Z,2025-12-01,16.2,,,,0.0,0.0,,
NP,33.6061,-117.9311,2025-12-01T18:00:00Z,2025-12-01,17.0,2.47,0.0,,0.0,0.0,,17.246052
SIO,32.867,-117.257,2025-12-01T20:49:00Z,2025-12-01,17.9,0.83,0.0,,272.0,0.0,,18.158442
SMP,34.008,-118.499,2025-12-01T21:00:00Z,2025-12-01,18.0,0.43,,,0.0,0.0,,17.085762
HAB_SCW,36.958,-122.017,2025-12-03T16:00:00Z,2025-12-03,13.4,0.94,0.0,,,0.0,,
HAB_MWII,36.603683,-121.889275,2025-12-03T16:20:00Z,2025-12-03,13.2,,,,,,,13.416684
SW,34.408043,-119.68485,2025-12-08T15:19:00Z,2025-12-08,16.9,,,,0.0,580.0,,
CPP,35.170204,-120.740685,2025-12-08T17:17:00Z,2025-12-08,15.2,2.15,0.0,,3198.4604,0.0,,13.729518
NP,33.6061,-117.9311,2025-12-08T18:00:00Z,2025-12-08,16.5,0.67,0.0,,,,,17.246052
SIO,32.867,-117.257,2025-12-08T20:17:00Z,2025-12-08,17.8,1.04,0.0,,0.0,0.0,,18.158442
SMP,34.008,-118.499,2025-12-08T21:00:00Z,2025-12-08,17.4,0.62,,,0.0,0.0,,17.085762
HAB_MWII,36.603683,-121.889275,2025-12-10T16:20:00Z,2025-12-10,13.2,,,,,,,13.416684
HAB_SCW,36.958,-122.017,2025-12-10T16:30:00Z,2025-12-10,13.3,0.99,,,,1250.0,,
SW,34.408043,-119.68485,2025-12-15T16:19:00Z,2025-12-15,17.0,,,,0.0,0.0,,
CPP,35.170204,-120.740685,2025-12-15T17:30:00Z,2025-12-15,15.5,6.1,,,1066.1534,6929.9976,,13.729518
NP,33.6061,-117.9311,2025-12-15T18:00:00Z,2025-12-15,16.0,1.19,,,,,,17.246052
SIO,32.867,-117.257,2025-12-15T20:06:00Z,2025-12-15,16.9,1.6,,,2461.0,821.0,,18.158442
SMP,34.008,-118.499,2025-12-15T21:00:00Z,2025-12-15,19.0,0.33,,,0.0,0.0,,17.085762
HAB_MWII,36.603683,-121.889275,2025-12-17T16:03:00Z,2025-12-17,15.0,,,,,,,13.416684
CPP,35.170204,-120.740685,2025-12-22T15:20:00Z,2025-12-22,15.2,4.75,,,27186.912,7463.074,,13.729518
SIO,32.867,-117.257,2025-12-22T20:24:00Z,2025-12-22,17.2,1.33,,,,,,18.158442
SMP,34.008,-118.499,2025-12-26T21:00:00Z,2025-12-26,16.8,0.5,,,0.0,1246.6666,,17.085762
CPP,35.170204,-120.740685,2025-12-28T16:30:00Z,2025-12-28,13.2,1.29,,,0.0,0.0,,13.729518
SMP,34.008,-118.499,2025-12-29T19:00:00Z,2025-12-29,16.7,0.24,,,0.0,374.0,,17.085762
SIO,32.867,-117.257,2025-12-29T20:14:00Z,2025-12-29,17.2,1.07,,,,,,18.158442
HAB_MWII,36.603683,-121.889275,2025-12-30T16:44:00Z,2025-12-30,14.0,,,,,,,13.416684
CPP,35.170204,-120.740685,2026-01-04T16:30:00Z,2026-01-04,15.3,2.56,,,0.0,0.0,,13.729518
NP,33.6061,-117.9311,2026-01-05T18:00:00Z,2026-01-05,16.0,0.8,,,,,,17.246052
SMP,34.008,-118.499,2026-01-05T19:00:00Z,2026-01-05,17.2,0.83,,,0.0,0.0,,17.085762
SIO,32.867,-117.257,2026-01-05T20:18:00Z,2026-01-05,17.2,2.13,,,6258.0,1252.0,,18.158442
HAB_MWII,36.603683,-121.889275,2026-01-07T16:47:00Z,2026-01-07,14.2,,,,,,,13.416684
CPP,35.170204,-120.740685,2026-01-11T17:13:00Z,2026-01-11,13.1,0.36,,,0.0,0.0,,13.729518
SMP,34.008,-118.499,2026-01-12T19:00:00Z,2026-01-12,17.0,0.84,,,1496.0,0.0,,17.085762
SIO,32.867,-117.257,2026-01-12T20:33:00Z,2026-01-12,16.9,,,,,,,18.158442
HAB_MWII,36.603683,-121.889275,2026-01-14T16:50:00Z,2026-01-14,13.5,,,,,,,13.416684
CPP,35.170204,-120.740685,2026-01-19T17:43:00Z,2026-01-19,14.6,3.1,,,38381.523,2132.307,,13.729518
SMP,34.008,-118.499,2026-01-19T21:00:00Z,2026-01-19,17.0,,,,2618.0,0.0,,17.085762
