Location_Code,latitude,longitude,time,date,Temp,Avg_Chloro,pDA,tDA,Pn_delicatissima,Pn_seriata
SW,34.408043,-119.68485,2024-01-01T14:15:00Z,2024-01-01,14.8,1.393,0,NaN,0,0
SMP,34.008,-118.499,2024-01-01T19:00:00Z,2024-01-01,16.4,3.66,0,NaN,0,0
CPP,35.170204,-120.740685,2024-01-01T19:45:00Z,2024-01-01,15.6,2.285,0,NaN,0,0
NP,33.6061,-117.9311,2024-01-02T18:30:00Z,2024-01-02,16,7.54,0,NaN,0,0
HAB_SCW,36.958,-122.017,2024-01-03T16:10:00Z,2024-01-03,13.9,3.21,0,NaN,NaN,0
HAB_MWII,36.603683,-121.889275,2024-01-03T16:37:00Z,2024-01-03,14,6.424,NaN,NaN,180,0
SIO,32.867,-117.257,2024-01-03T20:49:00Z,2024-01-03,16.4,3.04,0,NaN,4381,0
SW,34.408043,-119.68485,2024-01-08T16:10:00Z,2024-01-08,13.5,0.815,0,NaN,1590,0
NP,33.6061,-117.9311,2024-01-08T18:30:00Z,2024-01-08,14.3,8.16,0,NaN,5198,5198
CPP,35.170204,-120.740685,2024-01-08T19:00:00Z,2024-01-08,14.7,1.26,0.02,NaN,0,0
SMP,34.008,-118.499,2024-01-08T20:00:00Z,2024-01-08,14.6,0.65,0,NaN,0,0
SIO,32.867,-117.257,2024-01-08T21:33:00Z,2024-01-08,15.6,1.67,0,NaN,0,0
HAB_MWII,36.603683,-121.889275,2024-01-10T15:24:00Z,2024-01-10,12.5,3.103,NaN,NaN,0,1400
HAB_SCW,36.958,-122.017,2024-01-10T17:00:00Z,2024-01-10,12.6,1.11,0,NaN,NaN,0
NP,33.6061,-117.9311,2024-01-15T18:30:00Z,2024-01-15,14.1,7.07,0,NaN,41580,33784
SMP,34.008,-118.499,2024-01-15T19:00:00Z,2024-01-15,14.4,0.83,0,NaN,2244,3366
SIO,32.867,-117.257,2024-01-15T20:10:00Z,2024-01-15,14.8,7.04,0,NaN,21277,20026
SW,34.408043,-119.68485,2024-01-16T16:00:00Z,2024-01-16,12.7,2.388,0,NaN,33580,2030
CPP,35.170204,-120.740685,2024-01-16T17:30:00Z,2024-01-16,12.3,2.75,0,NaN,0,0
HAB_MWII,36.603683,-121.889275,2024-01-17T15:26:00Z,2024-01-17,13,4.128,NaN,NaN,360,0
HAB_SCW,36.958,-122.017,2024-01-17T17:00:00Z,2024-01-17,13.3,1.94,0,NaN,NaN,200
SW,34.408043,-119.68485,2024-01-22T16:00:00Z,2024-01-22,13.7,2.16,0,NaN,10710,0
CPP,35.170204,-120.740685,2024-01-22T18:45:00Z,2024-01-22,13.8,7.21,0,NaN,1066.1534,2665.3835
SMP,34.008,-118.499,2024-01-22T21:00:00Z,2024-01-22,14.9,4.74,0,NaN,85496,66065
SIO,32.867,-117.257,2024-01-22T21:56:00Z,2024-01-22,15.1,3.81,0,NaN,44432,13768
HAB_MWII,36.603683,-121.889275,2024-01-24T15:19:00Z,2024-01-24,13.2,3.614,NaN,NaN,200,0
HAB_SCW,36.958,-122.017,2024-01-24T17:00:00Z,2024-01-24,13.1,1.06,0,NaN,NaN,0
NP,33.6061,-117.9311,2024-01-24T18:30:00Z,2024-01-24,15.2,1.33,0,NaN,2599,5198
TP,41.05495,-124.14696,2024-01-25T19:20:00Z,2024-01-25,NaN,NaN,0,0,NaN,NaN
NP,33.6061,-117.9311,2024-01-29T18:30:00Z,2024-01-29,15,1.21,0,NaN,7796,10395
SMP,34.008,-118.499,2024-01-29T19:00:00Z,2024-01-29,16,1.44,0,NaN,748,748
CPP,35.170204,-120.740685,2024-01-29T19:00:00Z,2024-01-29,13.7,0.83,0,NaN,0,0
SIO,32.867,-117.257,2024-01-29T19:49:00Z,2024-01-29,15.4,1.38,0,NaN,11890,5632
SW,34.408043,-119.68485,2024-01-30T16:30:00Z,2024-01-30,13.8,0.568,0,NaN,1880,0
HAB_MWII,36.603683,-121.889275,2024-01-31T15:20:00Z,2024-01-31,12.8,7.108,NaN,NaN,500,0
HAB_SCW,36.958,-122.017,2024-01-31T16:45:00Z,2024-01-31,13.6,1.71,0,NaN,NaN,0
SW,34.408043,-119.68485,2024-02-05T16:00:00Z,2024-02-05,13.1,1.529,0,NaN,0,0
CPP,35.170204,-120.740685,2024-02-05T16:30:00Z,2024-02-05,13.6,1.68,0,NaN,0,0
SIO,32.867,-117.257,2024-02-05T21:01:00Z,2024-02-05,15.2,1.37,0,NaN,7510,0
SMP,34.008,-118.499,2024-02-05T22:00:00Z,2024-02-05,15.3,1.35,0,NaN,0,374
HAB_MWII,36.603683,-121.889275,2024-02-07T15:17:00Z,2024-02-07,13,5.488,NaN,NaN,0,0
HAB_SCW,36.958,-122.017,2024-02-07T17:00:00Z,2024-02-07,13,1,0,NaN,NaN,0
NP,33.6061,-117.9311,2024-02-07T18:30:00Z,2024-02-07,14.8,1.04,0,NaN,0,0
SW,34.408043,-119.68485,2024-02-12T16:00:00Z,2024-02-12,13.1,0.742,0,NaN,1300,0
CPP,35.170204,-120.740685,2024-02-12T17:00:00Z,2024-02-12,13.1,1.99,0,NaN,0,0
NP,33.6061,-117.9311,2024-02-12T18:30:00Z,2024-02-12,15,5.53,0,NaN,0,0
SMP,34.008,-118.499,2024-02-12T19:00:00Z,2024-02-12,15.2,0.59,0,NaN,748,749
SIO,32.867,-117.257,2024-02-12T20:19:00Z,2024-02-12,15.2,2.1,0,NaN,3129,0
TP,41.05495,-124.14696,2024-02-13T01:00:00Z,2024-02-13,NaN,NaN,0,0,NaN,NaN
HAB_MWII,36.603683,-121.889275,2024-02-14T15:22:00Z,2024-02-14,13.2,4.503,NaN,NaN,0,0
HAB_SCW,36.958,-122.017,2024-02-14T17:00:00Z,2024-02-14,12.7,2.05,0,NaN,NaN,800
SW,34.408043,-119.68485,2024-02-19T16:10:00Z,2024-02-19,13.5,1.936,0,NaN,0,0
SMP,34.008,-118.499,2024-02-19T19:00:00Z,2024-02-19,15,4.53,0,NaN,0,1496
CPP,35.170204,-120.740685,2024-02-19T21:00:00Z,2024-02-19,14.26,2.4,0,NaN,0,0
SIO,32.867,-117.257,2024-02-20T22:10:00Z,2024-02-20,15.5,2.24,0,NaN,1878,0
HAB_MWII,36.603683,-121.889275,2024-02-21T15:19:00Z,2024-02-21,13,NaN,NaN,NaN,1710,810
HAB_SCW,36.958,-122.017,2024-02-21T17:00:00Z,2024-02-21,13.5,2.45,0.023836,NaN,NaN,2650
NP,33.6061,-117.9311,2024-02-21T18:30:00Z,2024-02-21,15,1.54,0,NaN,2599,2599
SW,34.408043,-119.68485,2024-02-26T16:30:00Z,2024-02-26,13.5,1.217,0,NaN,580,0
CPP,35.170204,-120.740685,2024-02-26T16:30:00Z,2024-02-26,14.5,1.82,0,NaN,0,0
SMP,34.008,-118.499,2024-02-26T19:00:00Z,2024-02-26,15.2,2.73,0,NaN,748,0
SIO,32.867,-117.257,2024-02-26T20:13:00Z,2024-02-26,15.6,11.34,0,NaN,1252,0
NP,33.6061,-117.9311,2024-02-27T18:30:00Z,2024-02-27,15,3.25,0,NaN,0,0
HAB_SCW,36.958,-122.017,2024-02-28T17:00:00Z,2024-02-28,13.9,3.86,0.157651,NaN,NaN,11600
SW,34.408043,-119.68485,2024-03-04T14:15:00Z,2024-03-04,12.4,1.252,0,NaN,1740,0
CPP,35.170204,-120.740685,2024-03-04T16:30:00Z,2024-03-04,14.2,1.51,0,NaN,0,0
NP,33.6061,-117.9311,2024-03-04T18:30:00Z,2024-03-04,15,3.6,0,NaN,0,2599
SMP,34.008,-118.499,2024-03-04T19:00:00Z,2024-03-04,15.2,3,0,NaN,0,0
SIO,32.867,-117.257,2024-03-04T20:23:00Z,2024-03-04,16.3,2.45,0,NaN,1252,0
HAB_SCW,36.958,-122.017,2024-03-06T16:30:00Z,2024-03-06,13.5,2.16,0.331107,NaN,NaN,1600
SW,34.408043,-119.68485,2024-03-11T14:15:00Z,2024-03-11,12.8,3.751,0.048,NaN,28080,35320
CPP,35.170204,-120.740685,2024-03-11T16:00:00Z,2024-03-11,12.9,3.71,0,NaN,1599.2302,9595.381
SIO,32.867,-117.257,2024-03-11T19:15:00Z,2024-03-11,15.9,2.75,0,NaN,1252,0
SMP,34.008,-118.499,2024-03-11T20:00:00Z,2024-03-11,14.9,1.5,0,NaN,6358,1122
HAB_SCW,36.958,-122.017,2024-03-13T16:00:00Z,2024-03-13,13.2,2.49,0.080481,NaN,NaN,650
CPP,35.170204,-120.740685,2024-03-17T16:00:00Z,2024-03-17,13.2,1.71,0,NaN,14393.071,17591.531
SW,34.408043,-119.68485,2024-03-18T14:45:00Z,2024-03-18,12.9,3.778,0,NaN,67450,7240
SMP,34.008,-118.499,2024-03-18T18:00:00Z,2024-03-18,15.1,1.96,0,NaN,6732,11594
SIO,32.867,-117.257,2024-03-18T19:00:00Z,2024-03-18,16.6,3.39,0,NaN,13768,6884
NP,33.6061,-117.9311,2024-03-19T17:30:00Z,2024-03-19,15,2.55,0,NaN,5198,0
HAB_MWII,36.603683,-121.889275,2024-03-20T14:44:00Z,2024-03-20,14.1,NaN,NaN,NaN,NaN,NaN
HAB_SCW,36.958,-122.017,2024-03-20T16:00:00Z,2024-03-20,14.3,6.71,0.123292,NaN,NaN,200
CPP,35.170204,-120.740685,2024-03-24T17:00:00Z,2024-03-24,13.5,4.5,0.027,NaN,3731.537,34116.91
SW,34.408043,-119.68485,2024-03-25T15:00:00Z,2024-03-25,9.6,0.379,0,NaN,430,870
SIO,32.867,-117.257,2024-03-25T19:34:00Z,2024-03-25,15.3,2.91,0,NaN,4381,4381
SMP,34.008,-118.499,2024-03-25T20:00:00Z,2024-03-25,15.4,2.37,0,NaN,2244,3740
NP,33.6061,-117.9311,2024-03-26T17:30:00Z,2024-03-26,13,2.78,0,NaN,0,0
HAB_MWII,36.603683,-121.889275,2024-03-27T14:46:00Z,2024-03-27,13.5,NaN,NaN,NaN,NaN,NaN
HAB_SCW,36.958,-122.017,2024-03-27T15:05:00Z,2024-03-27,13.2,2.43,0.026366,NaN,NaN,200
CPP,35.170204,-120.740685,2024-04-01T17:00:00Z,2024-04-01,13.4,4,0,NaN,5330.767,2132.307
NP,33.6061,-117.9311,2024-04-01T17:30:00Z,2024-04-01,14,4.89,0,NaN,12994,23389
SIO,32.867,-117.257,2024-04-01T19:27:00Z,2024-04-01,14.8,3.68,0,NaN,13142,6884
SMP,34.008,-118.499,2024-04-01T21:00:00Z,2024-04-01,15.6,1.36,0,NaN,0,3740
SW,34.408043,-119.68485,2024-04-02T16:00:00Z,2024-04-02,11.9,6.698,0,NaN,8110,0
TP,41.05495,-124.14696,2024-04-02T17:40:00Z,2024-04-02,NaN,NaN,0,0,NaN,NaN
HAB_SCW,36.958,-122.017,2024-04-03T16:00:00Z,2024-04-03,13.2,5.52,0,NaN,NaN,2600
HAB_MWII,36.603683,-121.889275,2024-04-04T14:53:00Z,2024-04-04,14,NaN,NaN,NaN,NaN,NaN
CPP,35.170204,-120.740685,2024-04-07T18:00:00Z,2024-04-07,12.7,3.19,0,NaN,5863.8438,1066.1534
SW,34.408043,-119.68485,2024-04-08T15:15:00Z,2024-04-08,12.1,4.774,0.11,NaN,2320,6370
NP,33.6061,-117.9311,2024-04-08T17:30:00Z,2024-04-08,14,5.7,0,NaN,0,7796
SIO,32.867,-117.257,2024-04-08T19:53:00Z,2024-04-08,15.6,2.13,0,NaN,1252,0
SMP,34.008,-118.499,2024-04-08T21:00:00Z,2024-04-08,15.5,4.1,0,NaN,0,58293
HAB_MWII,36.603683,-121.889275,2024-04-10T14:46:00Z,2024-04-10,13.8,15.17,NaN,NaN,1800,1080
HAB_SCW,36.958,-122.017,2024-04-10T16:00:00Z,2024-04-10,12.8,3.23,0,NaN,NaN,0
CPP,35.170204,-120.740685,2024-04-14T17:30:00Z,2024-04-14,13.7,6.72,0,NaN,17591.531,0
SW,34.408043,-119.68485,2024-04-15T15:00:00Z,2024-04-15,12.9,1.913,0,NaN,580,0
NP,33.6061,-117.9311,2024-04-15T17:30:00Z,2024-04-15,14.5,3.56,0,NaN,5198,2599
SMP,34.008,-118.499,2024-04-15T18:00:00Z,2024-04-15,15,1.38,0,NaN,0,5610
SIO,32.867,-117.257,2024-04-15T18:58:00Z,2024-04-15,15.7,1.39,0,NaN,2504,0
HAB_SCW,36.958,-122.017,2024-04-17T16:00:00Z,2024-04-17,12.5,4.84,0,NaN,NaN,650
TP,41.05495,-124.14696,2024-04-17T21:05:00Z,2024-04-17,NaN,NaN,0,0,NaN,NaN
SW,34.408043,-119.68485,2024-04-22T15:15:00Z,2024-04-22,13.6,1.98,0,NaN,7960,720
NP,33.6061,-117.9311,2024-04-22T17:30:00Z,2024-04-22,16,6.81,0,NaN,2599,0
CPP,35.170204,-120.740685,2024-04-22T18:30:00Z,2024-04-22,14.6,4.14,0.11,NaN,9062.305,10661.534
SIO,32.867,-117.257,2024-04-22T18:56:00Z,2024-04-22,16.2,4.1,0,NaN,1252,0
SMP,34.008,-118.499,2024-04-22T21:00:00Z,2024-04-22,15.2,6.91,0,NaN,748,5236
HAB_MWII,36.603683,-121.889275,2024-04-24T14:03:00Z,2024-04-24,13.2,20.55,NaN,NaN,600,0
HAB_SCW,36.958,-122.017,2024-04-24T16:00:00Z,2024-04-24,14.1,3.38,0,NaN,NaN,0
SW,34.408043,-119.68485,2024-04-29T15:00:00Z,2024-04-29,13.5,1.048,0,NaN,39370,4920
NP,33.6061,-117.9311,2024-04-29T17:30:00Z,2024-04-29,16,10.51,0,NaN,25988,23389
SMP,34.008,-118.499,2024-04-29T18:00:00Z,2024-04-29,15.5,17.29,0,NaN,748,0
CPP,35.170204,-120.740685,2024-04-29T18:30:00Z,2024-04-29,14.1,0.86,0,NaN,0,0
SIO,32.867,-117.257,2024-04-29T19:41:00Z,2024-04-29,17.5,4.03,0,NaN,10638,0
HAB_MWII,36.603683,-121.889275,2024-05-01T14:45:00Z,2024-05-01,14.6,26.63,NaN,NaN,0,0
HAB_SCW,36.958,-122.017,2024-05-01T16:00:00Z,2024-05-01,13.4,8.83,0,NaN,NaN,1200
TP,41.05495,-124.14696,2024-05-01T17:35:00Z,2024-05-01,NaN,NaN,0,0,NaN,NaN
SW,34.408043,-119.68485,2024-05-06T15:00:00Z,2024-05-06,10.4,2.667,0,NaN,29530,6080
NP,33.6061,-117.9311,2024-05-06T18:00:00Z,2024-05-06,14,4.66,0,NaN,7796,5198
CPP,35.170204,-120.740685,2024-05-06T18:30:00Z,2024-05-06,11.4,20.43,0,NaN,169518.4,66101.516
SIO,32.867,-117.257,2024-05-06T19:10:00Z,2024-05-06,16.7,3.22,0,NaN,19400,30038
SMP,34.008,-118.499,2024-05-06T21:00:00Z,2024-05-06,15.8,6.18,0,NaN,0,0
HAB_MWII,36.603683,-121.889275,2024-05-08T14:04:00Z,2024-05-08,12.8,57.76,NaN,NaN,43200,209520
HAB_SCW,36.958,-122.017,2024-05-08T15:00:00Z,2024-05-08,13.1,21.17,0.049856,NaN,NaN,85750
SW,34.408043,-119.68485,2024-05-12T15:30:00Z,2024-05-12,12.8,2.992,0,NaN,47480,7240
SIO,32.867,-117.257,2024-05-13T18:31:00Z,2024-05-13,17.7,3.39,0,NaN,65084,6258
CPP,35.170204,-120.740685,2024-05-13T19:00:00Z,2024-05-13,13.8,1.16,0,NaN,132736.11,12793.842
SMP,34.008,-118.499,2024-05-13T21:00:00Z,2024-05-13,18.1,21.36,0.046,NaN,4862,11220
TP,41.05495,-124.14696,2024-05-14T23:00:00Z,2024-05-14,NaN,NaN,0.0114,0,NaN,NaN
HAB_MWII,36.603683,-121.889275,2024-05-15T14:12:00Z,2024-05-15,12.2,42.79,NaN,NaN,101340,12510
HAB_SCW,36.958,-122.017,2024-05-15T16:00:00Z,2024-05-15,12.5,6.32,0.010593655,NaN,NaN,800
SW,34.408043,-119.68485,2024-05-20T15:00:00Z,2024-05-20,10.9,2.824,0,NaN,71510,67160
NP,33.6061,-117.9311,2024-05-20T17:00:00Z,2024-05-20,15.5,10.85,0,NaN,0,0
CPP,35.170204,-120.740685,2024-05-20T18:40:00Z,2024-05-20,13.1,3.29,0,NaN,11194.611,4264.614
SIO,32.867,-117.257,2024-05-20T18:51:00Z,2024-05-20,18.2,7.82,0,NaN,3755,0
SMP,34.008,-118.499,2024-05-20T19:00:00Z,2024-05-20,17.5,21.43,0,NaN,0,0
HAB_MWII,36.603683,-121.889275,2024-05-22T14:09:00Z,2024-05-22,13.9,NaN,NaN,NaN,0,0
HAB_SCW,36.958,-122.017,2024-05-22T15:30:00Z,2024-05-22,14.8,9.2,0,NaN,NaN,0
CPP,35.170204,-120.740685,2024-05-27T19:00:00Z,2024-05-27,13.4,2.36,0,NaN,4264.614,0
SMP,34.008,-118.499,2024-05-28T00:00:00Z,2024-05-28,17.8,11.97,0,NaN,1122,0
SW,34.408043,-119.68485,2024-05-28T15:00:00Z,2024-05-28,15.8,2.659,0,NaN,57610,6950
NP,33.6061,-117.9311,2024-05-28T17:00:00Z,2024-05-28,16,31.12,0,NaN,18191,0
SIO,32.867,-117.257,2024-05-28T19:21:00Z,2024-05-28,17.2,17.3,0,NaN,1878,0
TP,41.05495,-124.14696,2024-05-28T20:00:00Z,2024-05-28,NaN,NaN,0.0062,0,NaN,NaN
HAB_SCW,36.958,-122.017,2024-05-29T16:10:00Z,2024-05-29,14,7.42,0,NaN,NaN,0
HAB_MWII,36.603683,-121.889275,2024-05-29T17:11:00Z,2024-05-29,14.3,4.184,NaN,NaN,600,0
SW,34.408043,-119.68485,2024-06-03T15:00:00Z,2024-06-03,13.5,6.844,0,NaN,1450,0
NP,33.6061,-117.9311,2024-06-03T17:00:00Z,2024-06-03,17,32.85,0,NaN,0,0
CPP,35.170204,-120.740685,2024-06-03T19:00:00Z,2024-06-03,15.6,5.77,0,NaN,110879.96,6929.9976
SIO,32.867,-117.257,2024-06-03T19:18:00Z,2024-06-03,17.7,16.71,0,NaN,626,0
SMP,34.008,-118.499,2024-06-04T00:00:00Z,2024-06-04,17.8,15.9,0,NaN,5236,0
HAB_MWII,36.603683,-121.889275,2024-06-05T13:56:00Z,2024-06-05,14.9,NaN,NaN,NaN,200,200
HAB_SCW,36.958,-122.017,2024-06-05T15:20:00Z,2024-06-05,13.9,7.57,0,NaN,NaN,0
SW,34.408043,-119.68485,2024-06-10T15:00:00Z,2024-06-10,13.7,2.659,0,NaN,7380,0
NP,33.6061,-117.9311,2024-06-10T17:00:00Z,2024-06-10,17.3,2.03,0,NaN,0,0
CPP,35.170204,-120.740685,2024-06-10T18:30:00Z,2024-06-10,14.8,3.16,0,NaN,11194.611,2665.3835
SIO,32.867,-117.257,2024-06-10T19:00:00Z,2024-06-10,18.5,1.5,0,NaN,3755,0
SMP,34.008,-118.499,2024-06-10T21:00:00Z,2024-06-10,18.4,2.16,0,NaN,0,0
TP,41.05495,-124.14696,2024-06-12T00:00:00Z,2024-06-12,NaN,NaN,0.124,0,NaN,NaN
HAB_MWII,36.603683,-121.889275,2024-06-12T14:11:00Z,2024-06-12,13.2,NaN,NaN,NaN,141570,28710
HAB_SCW,36.958,-122.017,2024-06-12T16:00:00Z,2024-06-12,14.8,5.18,0.015362,NaN,NaN,750
NP,33.6061,-117.9311,2024-06-17T17:30:00Z,2024-06-17,18.6,3.14,0,NaN,0,0
CPP,35.170204,-120.740685,2024-06-17T18:30:00Z,2024-06-17,15.4,2.79,0,NaN,31984.604,0
SIO,32.867,-117.257,2024-06-17T19:19:00Z,2024-06-17,18.5,1.63,0,NaN,10639,0
SMP,34.008,-118.499,2024-06-17T21:00:00Z,2024-06-17,19.4,1.42,0,NaN,1496,0
SW,34.408043,-119.68485,2024-06-18T14:45:00Z,2024-06-18,17.4,1.628,0,NaN,1450,0
HAB_MWII,36.603683,-121.889275,2024-06-19T14:15:00Z,2024-06-19,14.6,0.306,NaN,NaN,700,1400
HAB_SCW,36.958,-122.017,2024-06-19T16:00:00Z,2024-06-19,14.2,3.66,0.012972,NaN,NaN,0
TP,41.05495,-124.14696,2024-06-20T23:45:00Z,2024-06-20,NaN,NaN,0.1681,1.2734,NaN,NaN
CPP,35.170204,-120.740685,2024-06-24T16:00:00Z,2024-06-24,15.1,17.97,0,NaN,245748.38,3731.537
SIO,32.867,-117.257,2024-06-24T19:09:00Z,2024-06-24,20.8,5.67,0,NaN,275958,2905
SMP,34.008,-118.499,2024-06-24T21:00:00Z,2024-06-24,20,0.75,0,NaN,1496,0
SW,34.408043,-119.68485,2024-06-25T15:00:00Z,2024-06-25,16.5,2.626,0,NaN,123040,0
HAB_MWII,36.603683,-121.889275,2024-06-26T14:16:00Z,2024-06-26,12,0.792,NaN,NaN,5200,10500
HAB_SCW,36.958,-122.017,2024-06-26T16:00:00Z,2024-06-26,14.2,9.33,0,NaN,NaN,2950
NP,33.6061,-117.9311,2024-06-26T17:30:00Z,2024-06-26,19,3.51,0,NaN,10395,0
TP,41.05495,-124.14696,2024-06-27T22:15:00Z,2024-06-27,NaN,NaN,1.2425,3.3502,NaN,NaN
SW,34.408043,-119.68485,2024-07-01T15:45:00Z,2024-07-01,14.9,1.192,0,NaN,0,2900
CPP,35.170204,-120.740685,2024-07-01T16:30:00Z,2024-07-01,15.9,9.35,0,NaN,10661.534,0
SIO,32.867,-117.257,2024-07-01T19:21:00Z,2024-07-01,19.7,5.09,0,NaN,66335,1252
SMP,34.008,-118.499,2024-07-01T21:00:00Z,2024-07-01,20.8,2.49,0.034,NaN,72930,0
HAB_MWII,36.603683,-121.889275,2024-07-03T14:20:00Z,2024-07-03,14.1,0.426,NaN,NaN,500,0
HAB_SCW,36.958,-122.017,2024-07-03T16:20:00Z,2024-07-03,15.2,6.81,0,NaN,NaN,0
CPP,35.170204,-120.740685,2024-07-07T16:00:00Z,2024-07-07,17.6,32.64,0,NaN,9062.305,0
SW,34.408043,-119.68485,2024-07-08T15:30:00Z,2024-07-08,16,1.949,0,NaN,0,0
SIO,32.867,-117.257,2024-07-08T18:16:00Z,2024-07-08,22.7,1.96,0,NaN,8761,626
NP,33.6061,-117.9311,2024-07-08T19:00:00Z,2024-07-08,21.5,1.35,0,NaN,0,0
SMP,34.008,-118.499,2024-07-08T21:00:00Z,2024-07-08,20.8,1.37,0,NaN,0,0
HAB_MWII,36.603683,-121.889275,2024-07-10T14:10:00Z,2024-07-10,14.5,0.174,NaN,NaN,3200,200
HAB_SCW,36.958,-122.017,2024-07-10T17:10:00Z,2024-07-10,16.6,2.84,0,NaN,NaN,0
TP,41.05495,-124.14696,2024-07-10T23:50:00Z,2024-07-10,NaN,NaN,0.6954,3.9698,NaN,NaN
SW,34.408043,-119.68485,2024-07-15T15:34:00Z,2024-07-15,15.3,11.289,0,NaN,0,0
NP,33.6061,-117.9311,2024-07-15T17:30:00Z,2024-07-15,18.5,3.38,0,NaN,0,0
CPP,35.170204,-120.740685,2024-07-15T18:30:00Z,2024-07-15,16.1,2.7,0,NaN,2132.307,0
SIO,32.867,-117.257,2024-07-15T19:23:00Z,2024-07-15,21.2,3.79,0,NaN,14393,5632
SMP,34.008,-118.499,2024-07-15T21:00:00Z,2024-07-15,21.8,2.42,0,NaN,2244,0
HAB_MWII,36.603683,-121.889275,2024-07-17T14:24:00Z,2024-07-17,14.8,0.12,NaN,NaN,1000,0
HAB_SCW,36.958,-122.017,2024-07-17T16:40:00Z,2024-07-17,15.3,14.37,0,NaN,NaN,0
CPP,35.170204,-120.740685,2024-07-22T16:30:00Z,2024-07-22,16.3,9.16,0,NaN,29852.297,0
SMP,34.008,-118.499,2024-07-22T19:00:00Z,2024-07-22,21.6,0.61,0,NaN,38862,0
SIO,32.867,-117.257,2024-07-22T19:02:00Z,2024-07-22,21.4,4.44,0.02,NaN,461867,26143
SW,34.408043,-119.68485,2024-07-23T15:25:00Z,2024-07-23,14.3,3.58,0,NaN,35610,0
NP,33.6061,-117.9311,2024-07-23T17:30:00Z,2024-07-23,19.5,5.25,0,NaN,10395,7796
HAB_MWII,36.603683,-121.889275,2024-07-24T14:10:00Z,2024-07-24,15.5,2.065,NaN,NaN,111600,0
HAB_SCW,36.958,-122.017,2024-07-24T16:40:00Z,2024-07-24,16.4,4.67,0.02146,NaN,NaN,0
SMP,34.008,-118.499,2024-07-28T19:00:00Z,2024-07-28,21.5,0.36,0,NaN,0,0
SW,34.408043,-119.68485,2024-07-29T15:32:00Z,2024-07-29,15.2,2.233,0.039,NaN,335250,2610
CPP,35.170204,-120.740685,2024-07-29T18:30:00Z,2024-07-29,14.9,15.05,0,NaN,34116.91,0
SIO,32.867,-117.257,2024-07-29T19:07:00Z,2024-07-29,20.5,5.02,0.026,NaN,278863,37763
SMP,34.008,-118.499,2024-07-29T22:00:00Z,2024-07-29,21,1.28,0,NaN,9716,9716
NP,33.6061,-117.9311,2024-07-30T17:30:00Z,2024-07-30,17.5,4.16,0,NaN,25988,0
TP,41.05495,-124.14696,2024-07-30T21:40:00Z,2024-07-30,NaN,NaN,2.4582,7.3725,NaN,NaN
HAB_MWII,36.603683,-121.889275,2024-07-31T14:11:00Z,2024-07-31,15.8,3.457,NaN,NaN,769000,0
HAB_SCW,36.958,-122.017,2024-07-31T16:30:00Z,2024-07-31,16.3,21.92,0.11214,NaN,NaN,0
CPP,35.170204,-120.740685,2024-08-04T17:00:00Z,2024-08-04,16.1,14.98,0,NaN,0,16525.379
SW,34.408043,-119.68485,2024-08-05T15:25:00Z,2024-08-05,15.5,1.482,0,NaN,12740,2030
SMP,34.008,-118.499,2024-08-05T17:00:00Z,2024-08-05,18.5,2.27,0,NaN,11659,7772
NP,33.6061,-117.9311,2024-08-05T17:30:00Z,2024-08-05,17,3.9,0,NaN,0,0
SIO,32.867,-117.257,2024-08-05T19:25:00Z,2024-08-05,19,1.73,0,NaN,7510,1877
HAB_MWII,36.603683,-121.889275,2024-08-07T14:06:00Z,2024-08-07,14.7,3.987,NaN,NaN,1508000,1200
HAB_SCW,36.958,-122.017,2024-08-07T16:30:00Z,2024-08-07,16.4,11.74,0.113,NaN,NaN,0
CPP,35.170204,-120.740685,2024-08-11T15:45:00Z,2024-08-11,16.8,8.64,0,NaN,26120.76,0
SW,34.408043,-119.68485,2024-08-12T15:30:00Z,2024-08-12,15.8,26.001,0,NaN,0,0
NP,33.6061,-117.9311,2024-08-12T17:30:00Z,2024-08-12,22,3.04,0,NaN,28586,7796
SMP,34.008,-118.499,2024-08-12T18:00:00Z,2024-08-12,20.8,0.91,0,NaN,2992,0
SIO,32.867,-117.257,2024-08-12T19:15:00Z,2024-08-12,23,2.18,0,NaN,10639,2503
HAB_MWII,36.603683,-121.889275,2024-08-14T15:23:00Z,2024-08-14,14,NaN,NaN,NaN,979200,75780
HAB_SCW,36.958,-122.017,2024-08-14T15:55:00Z,2024-08-14,14.5,8.46,0.011252,NaN,NaN,0
CPP,35.170204,-120.740685,2024-08-18T15:45:00Z,2024-08-18,16.7,7.14,0,NaN,0,0
SW,34.408043,-119.68485,2024-08-19T15:30:00Z,2024-08-19,18.5,3.813,0,NaN,2030,870
SIO,32.867,-117.257,2024-08-19T19:22:00Z,2024-08-19,23.5,3.31,0,NaN,1877,0
SMP,34.008,-118.499,2024-08-19T20:00:00Z,2024-08-19,23.5,0.91,0,NaN,0,0
NP,33.6061,-117.9311,2024-08-20T17:30:00Z,2024-08-20,22.2,1.15,0,NaN,0,0
HAB_MWII,36.603683,-121.889275,2024-08-21T14:31:00Z,2024-08-21,13.9,NaN,NaN,NaN,87900,8800
HAB_SCW,36.958,-122.017,2024-08-21T16:05:00Z,2024-08-21,13.4,2.69,0.002259,NaN,NaN,0
CPP,35.170204,-120.740685,2024-08-25T15:30:00Z,2024-08-25,15,28.83,0,NaN,21323.068,0
SW,34.408043,-119.68485,2024-08-26T15:13:00Z,2024-08-26,18.6,1.407,0,NaN,1590,720
SMP,34.008,-118.499,2024-08-26T18:00:00Z,2024-08-26,23.4,1.43,0,NaN,2244,0
SIO,32.867,-117.257,2024-08-26T19:05:00Z,2024-08-26,23.6,3.66,0,NaN,626,0
NP,33.6061,-117.9311,2024-08-27T17:30:00Z,2024-08-27,22,2.45,0,NaN,0,0
TP,41.05495,-124.14696,2024-08-27T18:10:00Z,2024-08-27,NaN,NaN,1.5497,12.0382,NaN,NaN
HAB_MWII,36.603683,-121.889275,2024-08-28T16:10:00Z,2024-08-28,16,NaN,NaN,NaN,17300,400
HAB_SCW,36.958,-122.017,2024-08-28T16:30:00Z,2024-08-28,15.6,10.51,0.007361,NaN,NaN,0
CPP,35.170204,-120.740685,2024-09-01T15:25:00Z,2024-09-01,15.9,20.71,0,NaN,30918.45,0
SMP,34.008,-118.499,2024-09-02T18:00:00Z,2024-09-02,23.5,0.8,0,NaN,0,0
SW,34.408043,-119.68485,2024-09-03T15:38:00Z,2024-09-03,18.3,1.205,0.035,NaN,4920,4630
NP,33.6061,-117.9311,2024-09-03T17:30:00Z,2024-09-03,21.5,2.11,0,NaN,0,0
SIO,32.867,-117.257,2024-09-03T17:48:00Z,2024-09-03,22.8,2.55,0,NaN,7510,0
HAB_MWII,36.603683,-121.889275,2024-09-04T14:01:00Z,2024-09-04,15.2,1.048,NaN,NaN,2414000,0
HAB_SCW,36.958,-122.017,2024-09-04T16:20:00Z,2024-09-04,15.2,1.93,0,NaN,NaN,0
CPP,35.170204,-120.740685,2024-09-08T15:30:00Z,2024-09-08,16.9,8.57,0,NaN,0,0
SW,34.408043,-119.68485,2024-09-09T15:31:00Z,2024-09-09,18.9,2.302,0,NaN,580,0
NP,33.6061,-117.9311,2024-09-09T17:30:00Z,2024-09-09,20,0.53,0,NaN,0,0
SMP,34.008,-118.499,2024-09-09T18:00:00Z,2024-09-09,20.5,2.14,0,NaN,3740,0
SIO,32.867,-117.257,2024-09-09T19:14:00Z,2024-09-09,22.5,2.72,0,NaN,5632,1877
HAB_MWII,36.603683,-121.889275,2024-09-11T14:27:00Z,2024-09-11,14.1,0.688,NaN,NaN,1086000,900
HAB_SCW,36.958,-122.017,2024-09-11T17:00:00Z,2024-09-11,16.4,14.37,0,NaN,NaN,0
CPP,35.170204,-120.740685,2024-09-15T16:45:00Z,2024-09-15,14.7,84.33,0,NaN,0,0
SW,34.408043,-119.68485,2024-09-16T15:21:00Z,2024-09-16,16.2,1.208,0.497,NaN,1880,14190
NP,33.6061,-117.9311,2024-09-16T17:30:00Z,2024-09-16,19.6,2.08,0,NaN,0,0
SMP,34.008,-118.499,2024-09-16T18:00:00Z,2024-09-16,20,0.73,0,NaN,0,748
SIO,32.867,-117.257,2024-09-16T19:49:00Z,2024-09-16,22.6,1.45,0,NaN,0,0
HAB_MWII,36.603683,-121.889275,2024-09-18T14:30:00Z,2024-09-18,13.9,NaN,NaN,NaN,40770,230400
HAB_SCW,36.958,-122.017,2024-09-18T17:20:00Z,2024-09-18,15.9,20.19,0,NaN,NaN,0
CPP,35.170204,-120.740685,2024-09-22T15:36:00Z,2024-09-22,15.7,112.18,0,NaN,0,0
SW,34.408043,-119.68485,2024-09-23T15:47:00Z,2024-09-23,15.8,2.589,0.602,NaN,0,18530
SMP,34.008,-118.499,2024-09-23T18:00:00Z,2024-09-23,20,4.3,0,NaN,748,0
SIO,32.867,-117.257,2024-09-23T19:25:00Z,2024-09-23,18,2.32,0,NaN,1878,0
NP,33.6061,-117.9311,2024-09-24T17:30:00Z,2024-09-24,17.5,5.23,0,NaN,23389,0
HAB_SCW,36.958,-122.017,2024-09-25T15:20:00Z,2024-09-25,15.2,17.61,9.95E-04,NaN,NaN,0
HAB_MWII,36.603683,-121.889275,2024-09-25T16:40:00Z,2024-09-25,15,NaN,NaN,NaN,1400,1600
CPP,35.170204,-120.740685,2024-09-29T16:00:00Z,2024-09-29,16.1,59.27,0,NaN,0,0
SW,34.408043,-119.68485,2024-09-30T15:25:00Z,2024-09-30,15.4,5.513,0.021,NaN,2320,2320
SMP,34.008,-118.499,2024-09-30T18:00:00Z,2024-09-30,19,6.8,0,NaN,0,0
SIO,32.867,-117.257,2024-09-30T19:39:00Z,2024-09-30,16.9,2.4,0,NaN,5007,5006
HAB_MWII,36.603683,-121.889275,2024-10-02T14:45:00Z,2024-10-02,15.7,NaN,NaN,NaN,500,100
HAB_SCW,36.958,-122.017,2024-10-02T15:30:00Z,2024-10-02,15.6,1.79,0,NaN,NaN,0
CPP,35.170204,-120.740685,2024-10-06T15:00:00Z,2024-10-06,16.5,72.08,0,NaN,0,0
SW,34.408043,-119.68485,2024-10-07T15:24:00Z,2024-10-07,17.3,11.049,0,NaN,1740,0
SMP,34.008,-118.499,2024-10-07T18:00:00Z,2024-10-07,19,2.3,0,NaN,3366,1122
SIO,32.867,-117.257,2024-10-07T19:23:00Z,2024-10-07,16.9,2.17,0,NaN,3754,0
HAB_MWII,36.603683,-121.889275,2024-10-09T14:50:00Z,2024-10-09,16,NaN,NaN,NaN,1700,0
HAB_SCW,36.958,-122.017,2024-10-09T16:15:00Z,2024-10-09,16.8,43.99,0.004402,NaN,NaN,0
CPP,35.170204,-120.740685,2024-10-13T15:57:00Z,2024-10-13,16.9,56.93,0,NaN,0,0
SW,34.408043,-119.68485,2024-10-14T15:30:00Z,2024-10-14,17.3,1.323,0.029,NaN,4490,6510
SIO,32.867,-117.257,2024-10-14T17:58:00Z,2024-10-14,18.1,3.18,0,NaN,8135,0
SMP,34.008,-118.499,2024-10-14T21:00:00Z,2024-10-14,20,14,0,NaN,0,0
NP,33.6061,-117.9311,2024-10-15T17:30:00Z,2024-10-15,17.5,5.14,0,NaN,10395,0
HAB_MWII,36.603683,-121.889275,2024-10-16T14:03:00Z,2024-10-16,15,NaN,NaN,NaN,1200,0
HAB_SCW,36.958,-122.017,2024-10-16T16:15:00Z,2024-10-16,15.7,12.36,0.003218,NaN,NaN,0
CPP,35.170204,-120.740685,2024-10-20T16:57:00Z,2024-10-20,13.8,1.12,0,NaN,0,0
SW,34.408043,-119.68485,2024-10-21T15:30:00Z,2024-10-21,16.5,1.882,0,NaN,580,0
NP,33.6061,-117.9311,2024-10-21T17:30:00Z,2024-10-21,17.8,3.57,0,NaN,10395,7796
SIO,32.867,-117.257,2024-10-21T19:14:00Z,2024-10-21,18.7,1.95,0,NaN,8135,0
SMP,34.008,-118.499,2024-10-21T21:00:00Z,2024-10-21,19.5,33.8,0,NaN,0,0
HAB_MWII,36.603683,-121.889275,2024-10-23T15:14:00Z,2024-10-23,13,NaN,NaN,NaN,5500,3600
HAB_SCW,36.958,-122.017,2024-10-23T15:30:00Z,2024-10-23,13.6,4.36,0.003211,NaN,NaN,0
CPP,35.170204,-120.740685,2024-10-27T16:25:00Z,2024-10-27,15.4,37.9,0,NaN,3731.537,0
SW,34.408043,-119.68485,2024-10-28T15:36:00Z,2024-10-28,16.9,1.918,0,NaN,1740,2030
NP,33.6061,-117.9311,2024-10-28T17:30:00Z,2024-10-28,17.8,3.01,0,NaN,0,0
SMP,34.008,-118.499,2024-10-28T18:00:00Z,2024-10-28,16.5,2.6,0,NaN,0,374
SIO,32.867,-117.257,2024-10-28T18:24:00Z,2024-10-28,18.5,3.25,0,NaN,6258,0
HAB_SCW,36.958,-122.017,2024-10-30T16:30:00Z,2024-10-30,12.3,3.33,0,NaN,NaN,0
CPP,35.170204,-120.740685,2024-11-03T17:36:00Z,2024-11-03,12.8,3.93,0,NaN,5330.767,0
SW,34.408043,-119.68485,2024-11-04T16:23:00Z,2024-11-04,14.1,10.184,0,NaN,0,0
SIO,32.867,-117.257,2024-11-04T20:09:00Z,2024-11-04,17.4,2.58,0,NaN,3129,0
SMP,34.008,-118.499,2024-11-04T22:00:00Z,2024-11-04,15.5,0.63,0,NaN,0,0
NP,33.6061,-117.9311,2024-11-05T18:30:00Z,2024-11-05,16.5,1.23,0,NaN,10395,0
HAB_SCW,36.958,-122.017,2024-11-06T16:00:00Z,2024-11-06,12.5,3.81,0.010714,NaN,NaN,0
HAB_MWII,36.603683,-121.889275,2024-11-06T16:16:00Z,2024-11-06,13.2,NaN,NaN,NaN,14310,0
CPP,35.170204,-120.740685,2024-11-10T17:34:00Z,2024-11-10,12.5,13.16,0,NaN,0,0
SW,34.408043,-119.68485,2024-11-11T16:30:00Z,2024-11-11,14.2,2.749,0,NaN,3760,1160
SMP,34.008,-118.499,2024-11-11T19:00:00Z,2024-11-11,16.8,7.6,0,NaN,748,2244
SIO,32.867,-117.257,2024-11-11T19:18:00Z,2024-11-11,16.2,25.23,0,NaN,0,0
NP,33.6061,-117.9311,2024-11-12T18:30:00Z,2024-11-12,14,8.75,0,NaN,0,0
HAB_MWII,36.603683,-121.889275,2024-11-13T16:01:00Z,2024-11-13,12.5,NaN,NaN,NaN,4300,0
HAB_SCW,36.958,-122.017,2024-11-13T17:30:00Z,2024-11-13,12.3,6.65,0,NaN,NaN,0
CPP,35.170204,-120.740685,2024-11-17T17:22:00Z,2024-11-17,12.1,2.5,0,NaN,0,0
SW,34.408043,-119.68485,2024-11-18T16:24:00Z,2024-11-18,11.8,0.814,0,NaN,0,1590
SMP,34.008,-118.499,2024-11-18T19:00:00Z,2024-11-18,15,1.8,0,NaN,748,0
SIO,32.867,-117.257,2024-11-18T20:22:00Z,2024-11-18,15.3,8.33,0,NaN,5007,0
NP,33.6061,-117.9311,2024-11-19T18:30:00Z,2024-11-19,16,2.18,0,NaN,0,0
HAB_SCW,36.958,-122.017,2024-11-20T17:30:00Z,2024-11-20,11.7,2.02,0,NaN,NaN,0
CPP,35.170204,-120.740685,2024-11-24T14:40:00Z,2024-11-24,12.1,7.47,0,NaN,0,0
SW,34.408043,-119.68485,2024-11-25T16:26:00Z,2024-11-25,13.1,4.515,0,NaN,720,580
SMP,34.008,-118.499,2024-11-25T19:00:00Z,2024-11-25,15,1.3,0,NaN,0,0
SIO,32.867,-117.257,2024-11-25T20:08:00Z,2024-11-25,15.4,1.08,0,NaN,0,0
NP,33.6061,-117.9311,2024-11-26T18:30:00Z,2024-11-26,14.1,6.67,0,NaN,0,0
HAB_MWII,36.603683,-121.889275,2024-11-27T15:03:00Z,2024-11-27,12.3,NaN,NaN,NaN,400,0
HAB_SCW,36.958,-122.017,2024-11-27T17:30:00Z,2024-11-27,12.1,7.36,0,NaN,NaN,0
CPP,35.170204,-120.740685,2024-12-01T16:45:00Z,2024-12-01,12.9,7.12,0,NaN,0,5330.767
SW,34.408043,-119.68485,2024-12-02T16:22:00Z,2024-12-02,12.8,7.492,0,NaN,0,0
SMP,34.008,-118.499,2024-12-02T19:00:00Z,2024-12-02,15.5,0.78,0,NaN,0,0
SIO,32.867,-117.257,2024-12-02T20:14:00Z,2024-12-02,15.6,2.86,0,NaN,27535,626
HAB_MWII,36.603683,-121.889275,2024-12-04T16:24:00Z,2024-12-04,12.3,NaN,NaN,NaN,100,0
HAB_SCW,36.958,-122.017,2024-12-04T16:30:00Z,2024-12-04,11.9,5.68,0,NaN,NaN,0
CPP,35.170204,-120.740685,2024-12-08T16:18:00Z,2024-12-08,12.4,2.27,0,NaN,1599.2302,1066.1534
CPP,35.170204,-120.740685,2024-12-08T17:00:00Z,2024-12-08,12.3,2.91,0,NaN,0,4797.6904
SW,34.408043,-119.68485,2024-12-09T16:30:00Z,2024-12-09,12.3,58.901,0,NaN,0,0
NP,33.6061,-117.9311,2024-12-09T18:30:00Z,2024-12-09,14.5,4.31,0,NaN,0,0
SIO,32.867,-117.257,2024-12-09T20:31:00Z,2024-12-09,14.4,1.5,0,NaN,5007,0
SMP,34.008,-118.499,2024-12-09T21:00:00Z,2024-12-09,15,4.03,0,NaN,0,0
HAB_MWII,36.603683,-121.889275,2024-12-11T16:03:00Z,2024-12-11,11.6,NaN,NaN,NaN,360,0
HAB_SCW,36.958,-122.017,2024-12-11T16:45:00Z,2024-12-11,11.8,7.01,0,NaN,NaN,0
SIO,32.867,-117.257,2024-12-16T18:50:00Z,2024-12-16,13.8,3.38,1.481,NaN,1252,35671
SMP,34.008,-118.499,2024-12-16T21:00:00Z,2024-12-16,16,3.66,0,NaN,0,748
SW,34.408043,-119.68485,2024-12-17T16:25:00Z,2024-12-17,12.5,7.974,0,NaN,5790,8400
NP,33.6061,-117.9311,2024-12-17T18:30:00Z,2024-12-17,14.7,6.58,0,NaN,0,0
HAB_MWII,36.603683,-121.889275,2024-12-18T16:02:00Z,2024-12-18,12.7,NaN,NaN,NaN,1800,0
HAB_SCW,36.958,-122.017,2024-12-18T17:00:00Z,2024-12-18,11.7,3.27,0,NaN,NaN,0
CPP,35.170204,-120.740685,2024-12-22T17:44:00Z,2024-12-22,12.9,1.6,0,NaN,1066.1534,0
SIO,32.867,-117.257,2024-12-23T20:25:00Z,2024-12-23,13.2,9.71,2.475,NaN,8761,171470
SMP,34.008,-118.499,2024-12-23T21:00:00Z,2024-12-23,16,4.6,0,NaN,0,0
CPP,35.170204,-120.740685,2024-12-29T18:35:00Z,2024-12-29,12.9,1.11,0,NaN,0,0
SW,34.408043,-119.68485,2024-12-30T16:07:00Z,2024-12-30,13.8,25.196,0,NaN,0,0
SIO,32.867,-117.257,2024-12-30T20:21:00Z,2024-12-30,13.4,5.54,0,NaN,22529,5632
SMP,34.008,-118.499,2024-12-30T21:00:00Z,2024-12-30,15.5,3.92,0,NaN,0,0
CPP,35.170204,-120.740685,2025-01-05T18:40:00Z,2025-01-05,11.9,2.28,0,NaN,0,0
SW,34.408043,-119.68485,2025-01-06T16:43:00Z,2025-01-06,12.8,0.982,0,NaN,0,290
NP,33.6061,-117.9311,2025-01-06T18:30:00Z,2025-01-06,13.8,2.42,0.031,NaN,0,0
SIO,32.867,-117.257,2025-01-06T20:17:00Z,2025-01-06,13.5,3.5,0.064,NaN,77599,86986
SMP,34.008,-118.499,2025-01-06T21:00:00Z,2025-01-06,15.5,17.32,0,NaN,0,2244
HAB_MWII,36.603683,-121.889275,2025-01-08T15:23:00Z,2025-01-08,11.7,NaN,NaN,NaN,1260,0
HAB_SCW,36.958,-122.017,2025-01-08T17:00:00Z,2025-01-08,11.9,2.63,0,NaN,NaN,0
CPP,35.170204,-120.740685,2025-01-12T17:30:00Z,2025-01-12,11.4,3.03,0,NaN,2665.3835,5330.767
SW,34.408043,-119.68485,2025-01-13T16:20:00Z,2025-01-13,12.5,3.146,0,NaN,3760,2320
SIO,32.867,-117.257,2025-01-13T20:11:00Z,2025-01-13,13.9,5.27,0.116,NaN,108889,37548
SMP,34.008,-118.499,2025-01-13T21:00:00Z,2025-01-13,15,8.55,0,NaN,30668,34408
HAB_MWII,36.603683,-121.889275,2025-01-15T16:10:00Z,2025-01-15,11.3,NaN,NaN,NaN,1080,90
HAB_SCW,36.958,-122.017,2025-01-15T17:00:00Z,2025-01-15,12.3,2.99,0,NaN,NaN,0
NP,33.6061,-117.9311,2025-01-15T18:30:00Z,2025-01-15,14,3.14,0,NaN,41580,10395
CPP,35.170204,-120.740685,2025-01-19T19:00:00Z,2025-01-19,12,1.36,0,NaN,4797.6904,30918.45
SW,34.408043,-119.68485,2025-01-20T16:32:00Z,2025-01-20,13.2,1.118,0,NaN,0,290
SMP,34.008,-118.499,2025-01-20T22:00:00Z,2025-01-20,15,2.43,0.086,NaN,13090,3366
NP,33.6061,-117.9311,2025-01-21T18:30:00Z,2025-01-21,14,2.93,0.644,NaN,7796,10395
SIO,32.867,-117.257,2025-01-21T20:35:00Z,2025-01-21,14.4,4.16,0.274,NaN,29413,16271
HAB_SCW,36.958,-122.017,2025-01-22T15:45:00Z,2025-01-22,9,3.06,0,NaN,NaN,0
HAB_MWII,36.603683,-121.889275,2025-01-22T16:04:00Z,2025-01-22,11.5,NaN,NaN,NaN,1170,0
CPP,35.170204,-120.740685,2025-01-26T17:46:00Z,2025-01-26,11.5,2.88,0,NaN,4797.6904,1599.2302
SW,34.408043,-119.68485,2025-01-27T16:20:00Z,2025-01-27,12.1,4.893,0,NaN,0,580
NP,33.6061,-117.9311,2025-01-27T18:30:00Z,2025-01-27,13.8,2.61,0.027,NaN,10395,12994
SIO,32.867,-117.257,2025-01-27T20:13:00Z,2025-01-27,13.4,3.37,0.066,NaN,22529,20026
SMP,34.008,-118.499,2025-01-27T22:00:00Z,2025-01-27,15,1.14,0,NaN,374,1122
HAB_SCW,36.958,-122.017,2025-01-29T15:45:00Z,2025-01-29,10.7,1.23,0,NaN,NaN,0
HAB_MWII,36.603683,-121.889275,2025-01-29T16:02:00Z,2025-01-29,12,NaN,NaN,NaN,4200,800
CPP,35.170204,-120.740685,2025-02-02T18:25:00Z,2025-02-02,12.5,3.15,0,NaN,5863.8438,0
SW,34.408043,-119.68485,2025-02-03T16:25:00Z,2025-02-03,13.1,1.087,0.13,NaN,0,4200
SIO,32.867,-117.257,2025-02-03T19:57:00Z,2025-02-03,14,6.16,0,NaN,6258,626
SMP,34.008,-118.499,2025-02-03T21:00:00Z,2025-02-03,14.2,0.69,0,NaN,0,374
NP,33.6061,-117.9311,2025-02-04T18:30:00Z,2025-02-04,14,5.15,0.094,NaN,51975,46778
HAB_MWII,36.603683,-121.889275,2025-02-05T15:31:00Z,2025-02-05,12.1,NaN,NaN,NaN,500,0
HAB_SCW,36.958,-122.017,2025-02-05T15:45:00Z,2025-02-05,10.6,2.05,6.66E-04,NaN,NaN,0
CPP,35.170204,-120.740685,2025-02-09T17:00:00Z,2025-02-09,12.5,4.22,0,NaN,0,2665.3835
SW,34.408043,-119.68485,2025-02-10T16:38:00Z,2025-02-10,13.6,1.438,0,NaN,0,1770
NP,33.6061,-117.9311,2025-02-10T18:30:00Z,2025-02-10,14.2,4.47,0.052,NaN,18191,25988
SIO,32.867,-117.257,2025-02-10T19:58:00Z,2025-02-10,14.1,3.35,0,NaN,2503,1252
SMP,34.008,-118.499,2025-02-10T21:00:00Z,2025-02-10,16,0.88,0.032,NaN,1496,3366
HAB_SCW,36.958,-122.017,2025-02-12T16:00:00Z,2025-02-12,11.5,2.07,0.027448,NaN,NaN,0
HAB_MWII,36.603683,-121.889275,2025-02-12T16:15:00Z,2025-02-12,12,NaN,NaN,NaN,600,0
CPP,35.170204,-120.740685,2025-02-16T16:00:00Z,2025-02-16,11.3,0.99,0,NaN,5330.767,0
SMP,34.008,-118.499,2025-02-17T21:00:00Z,2025-02-17,16,0.53,0,NaN,374,0
SW,34.408043,-119.68485,2025-02-18T16:29:00Z,2025-02-18,13.5,1.525,0,NaN,0,2750
NP,33.6061,-117.9311,2025-02-18T18:30:00Z,2025-02-18,14.5,5.15,0,NaN,7796,0
SIO,32.867,-117.257,2025-02-18T20:11:00Z,2025-02-18,15,4.02,2.196,NaN,23780,115148
HAB_SCW,36.958,-122.017,2025-02-19T15:45:00Z,2025-02-19,11.8,1.06,0,NaN,NaN,0
HAB_MWII,36.603683,-121.889275,2025-02-19T15:52:00Z,2025-02-19,12.9,NaN,NaN,NaN,500,300
CPP,35.170204,-120.740685,2025-02-23T17:55:00Z,2025-02-23,12.3,1.67,0,NaN,0,3198.4604
SW,34.408043,-119.68485,2025-02-24T17:15:00Z,2025-02-24,13.8,1.026,0,NaN,0,890
SMP,34.008,-118.499,2025-02-24T20:00:00Z,2025-02-24,16,5.26,0.261,NaN,0,20196
SIO,32.867,-117.257,2025-02-24T20:39:00Z,2025-02-24,15.6,2.14,0,NaN,5632,626
NP,33.6061,-117.9311,2025-02-25T18:30:00Z,2025-02-25,15,2.29,0,NaN,0,0
HAB_SCW,36.958,-122.017,2025-02-26T15:45:00Z,2025-02-26,12.3,1.88,0,NaN,NaN,0
HAB_MWII,36.603683,-121.889275,2025-02-26T16:30:00Z,2025-02-26,13,NaN,NaN,NaN,100,0
CPP,35.170204,-120.740685,2025-03-02T17:40:00Z,2025-03-02,12,4.35,0,NaN,7463.074,2132.307
SW,34.408043,-119.68485,2025-03-03T16:20:00Z,2025-03-03,11.6,0.328,0,NaN,0,0
SMP,34.008,-118.499,2025-03-03T19:00:00Z,2025-03-03,14.2,1.54,0.43,NaN,1870,18326
NP,33.6061,-117.9311,2025-03-04T18:30:00Z,2025-03-04,13.2,3.44,0,NaN,0,7796
SIO,32.867,-117.257,2025-03-04T20:19:00Z,2025-03-04,15,2.87,0,NaN,9387,0
HAB_MWII,36.603683,-121.889275,2025-03-05T15:32:00Z,2025-03-05,12.8,NaN,NaN,NaN,300,0
HAB_SCW,36.958,-122.017,2025-03-05T16:00:00Z,2025-03-05,11.8,1.08,0,NaN,NaN,0
CPP,35.170204,-120.740685,2025-03-09T16:55:00Z,2025-03-09,10.6,2.66,0,NaN,6396.921,18657.686
SW,34.408043,-119.68485,2025-03-10T15:25:00Z,2025-03-10,11.3,2.212,1.698,NaN,0,68510
NP,33.6061,-117.9311,2025-03-10T17:30:00Z,2025-03-10,13,12.39,1.118,NaN,0,28586
SMP,34.008,-118.499,2025-03-10T19:00:00Z,2025-03-10,14.9,6.68,2.475,NaN,0,1528442
SIO,32.867,-117.257,2025-03-10T19:13:00Z,2025-03-10,13.4,2.78,0,NaN,12516,2503
HAB_MWII,36.603683,-121.889275,2025-03-12T15:11:00Z,2025-03-12,12,NaN,NaN,NaN,4290,8800
HAB_SCW,36.958,-122.017,2025-03-12T15:30:00Z,2025-03-12,11.9,6.94,0.002081,NaN,NaN,200
CPP,35.170204,-120.740685,2025-03-16T16:30:00Z,2025-03-16,11.5,5.25,0.328,NaN,0,46910.75
SW,34.408043,-119.68485,2025-03-17T15:19:00Z,2025-03-17,12.6,1.698,1.504,NaN,580,66880
NP,33.6061,-117.9311,2025-03-17T17:30:00Z,2025-03-17,14,3.5,0.2,NaN,0,38982
SMP,34.008,-118.499,2025-03-17T18:00:00Z,2025-03-17,14.8,15.62,1.238,NaN,0,1042667
SIO,32.867,-117.257,2025-03-17T18:50:00Z,2025-03-17,15.1,2.59,0.021,NaN,0,1877
HAB_SCW,36.958,-122.017,2025-03-19T15:15:00Z,2025-03-19,12,2.5,0.028227,NaN,NaN,5250
HAB_MWII,36.603683,-121.889275,2025-03-19T15:32:00Z,2025-03-19,12.2,NaN,NaN,NaN,11160,7080
CPP,35.170204,-120.740685,2025-03-23T17:00:00Z,2025-03-23,11.6,2.92,0.378,NaN,0,83159.97
SW,34.408043,-119.68485,2025-03-24T14:51:00Z,2025-03-24,14.5,1.198,0.261,NaN,290,8400
NP,33.6061,-117.9311,2025-03-24T17:30:00Z,2025-03-24,14,4.64,0.229,NaN,18191,72766
SMP,34.008,-118.499,2025-03-24T18:00:00Z,2025-03-24,16.1,5.68,2.268,NaN,0,121924
SIO,32.867,-117.257,2025-03-24T19:10:00Z,2025-03-24,16,19.06,1.34,NaN,9387,242811
HAB_SCW,36.958,-122.017,2025-03-26T14:45:00Z,2025-03-26,12.5,3.83,0.485628,NaN,NaN,56100
HAB_MWII,36.603683,-121.889275,2025-03-26T15:14:00Z,2025-03-26,14,NaN,NaN,NaN,2600,100
CPP,35.170204,-120.740685,2025-03-30T16:47:00Z,2025-03-30,11.7,5.2,0.712,NaN,11727.6875,49043.06
SW,34.408043,-119.68485,2025-03-31T15:25:00Z,2025-03-31,14.9,2.077,0,NaN,0,1740
SMP,34.008,-118.499,2025-03-31T18:00:00Z,2025-03-31,15.1,7.38,1.692,NaN,0,55352
SIO,32.867,-117.257,2025-03-31T19:40:00Z,2025-03-31,14,9.94,1.072,NaN,3755,169592
NP,33.6061,-117.9311,2025-04-01T17:30:00Z,2025-04-01,13.5,12.74,1.491,NaN,5198,83161
HAB_MWII,36.603683,-121.889275,2025-04-02T14:55:00Z,2025-04-02,12.1,NaN,NaN,NaN,147150,3150
HAB_SCW,36.958,-122.017,2025-04-02T17:30:00Z,2025-04-02,13,2.41,0.151884,NaN,NaN,3250
CPP,35.170204,-120.740685,2025-04-06T16:15:00Z,2025-04-06,11.9,9.99,0.497,NaN,3198.4604,115144.57
SW,34.408043,-119.68485,2025-04-07T15:20:00Z,2025-04-07,11.9,0.142,0,NaN,0,2610
NP,33.6061,-117.9311,2025-04-07T17:30:00Z,2025-04-07,12,19,0.439,NaN,5198,10395
SMP,34.008,-118.499,2025-04-07T18:00:00Z,2025-04-07,13.3,21.27,2.025,NaN,0,218599
SIO,32.867,-117.257,2025-04-07T19:30:00Z,2025-04-07,15.3,20.38,2.024,NaN,20025,17522
HAB_MWII,36.603683,-121.889275,2025-04-09T14:15:00Z,2025-04-09,14,NaN,NaN,NaN,1900,2100
HAB_SCW,36.958,-122.017,2025-04-09T16:40:00Z,2025-04-09,13.7,2.81,0.279264,NaN,NaN,37000
CPP,35.170204,-120.740685,2025-04-13T17:05:00Z,2025-04-13,11.3,2.4,0.219,NaN,0,64502.285
SW,34.408043,-119.68485,2025-04-14T15:25:00Z,2025-04-14,13.9,4.116,0.484,NaN,0,70930
NP,33.6061,-117.9311,2025-04-14T17:30:00Z,2025-04-14,15,8.28,3.109,NaN,0,116945
SMP,34.008,-118.499,2025-04-14T18:00:00Z,2025-04-14,14.8,5.38,0.266,NaN,0,217627
SIO,32.867,-117.257,2025-04-14T19:08:00Z,2025-04-14,16.3,4.02,0.477,NaN,1252,122031
HAB_MWII,36.603683,-121.889275,2025-04-16T13:46:00Z,2025-04-16,11.9,NaN,NaN,NaN,2500,17400
HAB_SCW,36.958,-122.017,2025-04-16T15:30:00Z,2025-04-16,12.2,13.43,0.289188,NaN,NaN,48100
CPP,35.170204,-120.740685,2025-04-20T16:58:00Z,2025-04-20,13.3,8.08,0.06,NaN,2132.307,25587.684
SW,34.408043,-119.68485,2025-04-21T15:24:00Z,2025-04-21,13.4,4.63,1.521,NaN,0,66010
SMP,34.008,-118.499,2025-04-21T18:00:00Z,2025-04-21,16.2,14.2,0,NaN,0,0
SIO,32.867,-117.257,2025-04-21T19:16:00Z,2025-04-21,16.3,3.32,1.536,NaN,23780,90741
HAB_MWII,36.603683,-121.889275,2025-04-23T15:22:00Z,2025-04-23,13,NaN,NaN,NaN,6100,5600
HAB_SCW,36.958,-122.017,2025-04-23T15:30:00Z,2025-04-23,12.7,3.81,0.667954,NaN,NaN,2300
NP,33.6061,-117.9311,2025-04-23T17:30:00Z,2025-04-23,14.8,11.69,0.045,NaN,5198,12994
CPP,35.170204,-120.740685,2025-04-27T17:13:00Z,2025-04-27,12.3,4.81,0.244,NaN,2132.307,77296.125
SW,34.408043,-119.68485,2025-04-28T15:25:00Z,2025-04-28,13.5,3.691,0.684,NaN,113490,0
SMP,34.008,-118.499,2025-04-28T19:00:00Z,2025-04-28,16.9,5.04,0,NaN,0,0
SIO,32.867,-117.257,2025-04-28T19:21:00Z,2025-04-28,16.9,1.2,0.244,NaN,11264,17522
NP,33.6061,-117.9311,2025-04-29T17:30:00Z,2025-04-29,15.9,4.16,0.025,NaN,0,7796
HAB_MWII,36.603683,-121.889275,2025-04-30T15:11:00Z,2025-04-30,13.1,NaN,NaN,NaN,11600,9600
HAB_SCW,36.958,-122.017,2025-04-30T15:30:00Z,2025-04-30,13.4,7.14,0.123699,NaN,NaN,0
CPP,35.170204,-120.740685,2025-05-04T17:30:00Z,2025-05-04,12.3,1.74,0,NaN,1066.1534,0
SW,34.408043,-119.68485,2025-05-05T15:40:00Z,2025-05-05,15.6,0.27,0.234,NaN,44870,0
SIO,32.867,-117.257,2025-05-05T19:33:00Z,2025-05-05,16.8,1.28,0,NaN,3129,1252
SMP,34.008,-118.499,2025-05-05T21:00:00Z,2025-05-05,17.1,32.3,0,NaN,0,0
HAB_MWII,36.603683,-121.889275,2025-05-07T14:32:00Z,2025-05-07,14.1,NaN,NaN,NaN,540,720
HAB_SCW,36.958,-122.017,2025-05-07T15:45:00Z,2025-05-07,13.6,3.46,0,NaN,NaN,0
CPP,35.170204,-120.740685,2025-05-12T14:25:00Z,2025-05-12,14.8,4.56,0,NaN,13859.995,22389.223
SW,34.408043,-119.68485,2025-05-12T15:34:00Z,2025-05-12,16.9,0.716,0,NaN,1010,2030
NP,33.6061,-117.9311,2025-05-12T17:30:00Z,2025-05-12,17,2.74,0,NaN,0,7796
SIO,32.867,-117.257,2025-05-12T19:23:00Z,2025-05-12,18.2,0.64,0,NaN,5007,626
SMP,34.008,-118.499,2025-05-12T20:00:00Z,2025-05-12,18.9,0.83,0,NaN,3740,0
HAB_MWII,36.603683,-121.889275,2025-05-14T14:40:00Z,2025-05-14,14.1,NaN,NaN,NaN,3600,40700
HAB_SCW,36.958,-122.017,2025-05-14T15:30:00Z,2025-05-14,13.3,NaN,0.046105,NaN,NaN,10450
CPP,35.170204,-120.740685,2025-05-18T17:05:00Z,2025-05-18,13,13.51,0,NaN,18657.686,23455.375
SW,34.408043,-119.68485,2025-05-19T15:21:00Z,2025-05-19,16.8,2.071,0,NaN,0,0
SIO,32.867,-117.257,2025-05-19T18:52:00Z,2025-05-19,17.6,2.16,0,NaN,7510,1877
SMP,34.008,-118.499,2025-05-19T21:00:00Z,2025-05-19,19,0.25,0,NaN,0,0
HAB_MWII,36.603683,-121.889275,2025-05-21T14:39:00Z,2025-05-21,14,NaN,NaN,NaN,4180,39235
HAB_SCW,36.958,-122.017,2025-05-21T16:00:00Z,2025-05-21,14.1,4.46,1.140381,NaN,NaN,149600
NP,33.6061,-117.9311,2025-05-21T17:30:00Z,2025-05-21,19,1.36,0,NaN,0,0
SW,34.408043,-119.68485,2025-05-26T15:24:00Z,2025-05-26,17.9,0.549,0,NaN,0,0
CPP,35.170204,-120.740685,2025-05-26T16:35:00Z,2025-05-26,13.2,15.12,0.022,NaN,17058.455,49043.06
SMP,34.008,-118.499,2025-05-26T21:00:00Z,2025-05-26,20,0.37,0,NaN,748,748
NP,33.6061,-117.9311,2025-05-27T17:30:00Z,2025-05-27,18,0.42,0,NaN,0,0
SIO,32.867,-117.257,2025-05-27T19:56:00Z,2025-05-27,20.2,0.68,0,NaN,5632,626
HAB_MWII,36.603683,-121.889275,2025-05-28T14:47:00Z,2025-05-28,12,NaN,NaN,NaN,3100,27500
HAB_SCW,36.958,-122.017,2025-05-28T15:00:00Z,2025-05-28,13.7,4.13,0.142044,NaN,NaN,47800
CPP,35.170204,-120.740685,2025-06-01T16:53:00Z,2025-06-01,14.4,4.58,0,NaN,1599.2302,6396.921
SW,34.408043,-119.68485,2025-06-02T15:21:00Z,2025-06-02,17.2,3.623,0,NaN,0,0
SIO,32.867,-117.257,2025-06-02T19:10:00Z,2025-06-02,18.1,2.13,0,NaN,170218,7510
SMP,34.008,-118.499,2025-06-02T21:00:00Z,2025-06-02,19.8,0.11,0,NaN,748,0
HAB_MWII,36.603683,-121.889275,2025-06-04T14:26:00Z,2025-06-04,15,NaN,NaN,NaN,2500,1400
HAB_SCW,36.958,-122.017,2025-06-04T15:20:00Z,2025-06-04,13.5,6.02,0,NaN,NaN,0
NP,33.6061,-117.9311,2025-06-04T17:30:00Z,2025-06-04,16,3.06,0,NaN,12994,0
CPP,35.170204,-120.740685,2025-06-08T16:30:00Z,2025-06-08,15.1,15.33,0,NaN,0,0
SW,34.408043,-119.68485,2025-06-09T15:19:00Z,2025-06-09,16,0.344,0,NaN,2320,0
SMP,34.008,-118.499,2025-06-09T19:00:00Z,2025-06-09,18.5,0.36,0,NaN,748,374
SIO,32.867,-117.257,2025-06-09T19:05:00Z,2025-06-09,17.3,21.17,0,NaN,103883,7510
HAB_SCW,36.958,-122.017,2025-06-11T15:30:00Z,2025-06-11,15.3,2.65,0,NaN,NaN,0
SW,34.408043,-119.68485,2025-06-16T15:24:00Z,2025-06-16,17.8,1.498,0,NaN,4630,0
CPP,35.170204,-120.740685,2025-06-16T16:15:00Z,2025-06-16,15.5,15.47,0,NaN,21856.146,31984.604
NP,33.6061,-117.9311,2025-06-16T18:30:00Z,2025-06-16,18.5,1.79,0.044,NaN,93556,0
SMP,34.008,-118.499,2025-06-16T19:00:00Z,2025-06-16,20,0.22,0.083,NaN,0,748
SIO,32.867,-117.257,2025-06-16T19:41:00Z,2025-06-16,20,0.8,0,NaN,39426,3755
HAB_MWII,36.603683,-121.889275,2025-06-18T13:52:00Z,2025-06-18,13.5,NaN,NaN,NaN,22135,8265
HAB_SCW,36.958,-122.017,2025-06-18T17:50:00Z,2025-06-18,15,7.43,0.018755,NaN,NaN,0
SW,34.408043,-119.68485,2025-06-23T15:25:00Z,2025-06-23,17.9,0.766,0.12,NaN,0,0
CPP,35.170204,-120.740685,2025-06-23T16:30:00Z,2025-06-23,12.9,6.04,0,NaN,226024.53,29319.22
NP,33.6061,-117.9311,2025-06-23T17:30:00Z,2025-06-23,19,2.17,0,NaN,38982,2599
SMP,34.008,-118.499,2025-06-23T18:00:00Z,2025-06-23,20.5,0.08,0,NaN,14212,6732
SIO,32.867,-117.257,2025-06-23T19:22:00Z,2025-06-23,20.7,1.37,0,NaN,81419,2961
HAB_MWII,36.603683,-121.889275,2025-06-25T14:28:00Z,2025-06-25,12,NaN,NaN,NaN,8000,9700
HAB_SCW,36.958,-122.017,2025-06-25T16:00:00Z,2025-06-25,13.7,8.02,0.00797,NaN,NaN,1450
SW,34.408043,-119.68485,2025-06-30T16:00:00Z,2025-06-30,16.9,0.918,0,NaN,0,0
CPP,35.170204,-120.740685,2025-06-30T17:00:00Z,2025-06-30,14.5,6.27,0,NaN,0,0
SMP,34.008,-118.499,2025-06-30T21:00:00Z,2025-06-30,22,0.23,0,NaN,0,1122
SIO,32.867,-117.257,2025-06-30T21:36:00Z,2025-06-30,20.2,3.15,0,NaN,219092,37009
HAB_MWII,36.603683,-121.889275,2025-07-02T14:32:00Z,2025-07-02,14,NaN,NaN,NaN,452000,22700
HAB_SCW,36.958,-122.017,2025-07-02T15:45:00Z,2025-07-02,13.1,2.23,0.005441,NaN,NaN,500
SW,34.408043,-119.68485,2025-07-07T15:23:00Z,2025-07-07,17.6,0.526,0,NaN,0,0
CPP,35.170204,-120.740685,2025-07-07T16:10:00Z,2025-07-07,15.2,4.37,0,NaN,0,0
NP,33.6061,-117.9311,2025-07-07T17:30:00Z,2025-07-07,18,3.62,0,NaN,80562,5198
SMP,34.008,-118.499,2025-07-07T18:00:00Z,2025-07-07,21,0.28,0,NaN,748,0
SIO,32.867,-117.257,2025-07-07T19:10:00Z,2025-07-07,21.3,2.42,0,NaN,119528,2503
HAB_MWII,36.603683,-121.889275,2025-07-09T14:31:00Z,2025-07-09,14.6,NaN,NaN,NaN,90,180
HAB_SCW,36.958,-122.017,2025-07-09T15:45:00Z,2025-07-09,13.5,3.16,0,NaN,NaN,0
SW,34.408043,-119.68485,2025-07-14T15:26:00Z,2025-07-14,15.4,1.71,0,NaN,0,0
CPP,35.170204,-120.740685,2025-07-14T15:45:00Z,2025-07-14,15,23.13,0,NaN,1066.1534,0
SMP,34.008,-118.499,2025-07-14T17:00:00Z,2025-07-14,20,0.5,0,NaN,0,0
NP,33.6061,-117.9311,2025-07-14T17:30:00Z,2025-07-14,17,4.14,0,NaN,28586,0
SIO,32.867,-117.257,2025-07-14T19:30:00Z,2025-07-14,20.2,5.23,0,NaN,30664,1252
HAB_SCW,36.958,-122.017,2025-07-16T16:00:00Z,2025-07-16,14.9,4.21,1.794231,NaN,NaN,0
SW,34.408043,-119.68485,2025-07-21T15:30:00Z,2025-07-21,16.8,3.051,0,NaN,0,0
CPP,35.170204,-120.740685,2025-07-21T15:53:00Z,2025-07-21,14.8,8.52,0,NaN,9062.305,0
NP,33.6061,-117.9311,2025-07-21T17:30:00Z,2025-07-21,20,1.85,0,NaN,0,0
SIO,32.867,-117.257,2025-07-21T18:56:00Z,2025-07-21,20.8,4.6,0,NaN,29049,8714
SMP,34.008,-118.499,2025-07-21T19:00:00Z,2025-07-21,20.8,0.95,0,NaN,0,0
HAB_MWII,36.603683,-121.889275,2025-07-23T14:21:00Z,2025-07-23,16,NaN,NaN,NaN,2164000,2100
HAB_SCW,36.958,-122.017,2025-07-23T16:00:00Z,2025-07-23,15.2,2.32,0.279813,NaN,NaN,750
SW,34.408043,-119.68485,2025-07-28T14:05:00Z,2025-07-28,16.5,7.312,0,NaN,0,0
CPP,35.170204,-120.740685,2025-07-28T16:05:00Z,2025-07-28,15.3,9.92,0.074,NaN,68233.82,4264.614
NP,33.6061,-117.9311,2025-07-28T17:30:00Z,2025-07-28,17,7.23,0,NaN,7796,5198
SIO,32.867,-117.257,2025-07-28T19:15:00Z,2025-07-28,21.7,2.28,0,NaN,3909,0
HAB_MWII,36.603683,-121.889275,2025-07-30T14:27:00Z,2025-07-30,17.4,NaN,NaN,NaN,572000,7400
HAB_SCW,36.958,-122.017,2025-07-30T16:00:00Z,2025-07-30,17.2,2.81,0.010429,NaN,NaN,0
SW,34.408043,-119.68485,2025-08-04T15:24:00Z,2025-08-04,16.8,6.943,0,NaN,0,0
CPP,35.170204,-120.740685,2025-08-04T16:05:00Z,2025-08-04,15,15.96,0.71,NaN,858253.5,4264.614
SIO,32.867,-117.257,2025-08-04T20:14:00Z,2025-08-04,18.1,5.37,0,NaN,12516,0
SMP,34.008,-118.499,2025-08-04T21:00:00Z,2025-08-04,21.5,0.45,0,NaN,0,374
NP,33.6061,-117.9311,2025-08-05T17:30:00Z,2025-08-05,19,0.98,0,NaN,5198,0
HAB_MWII,36.603683,-121.889275,2025-08-06T14:38:00Z,2025-08-06,15.5,NaN,NaN,NaN,133100,34900
HAB_SCW,36.958,-122.017,2025-08-06T16:00:00Z,2025-08-06,15.9,14.28,0.016471,NaN,NaN,0
CPP,35.170204,-120.740685,2025-08-10T17:00:00Z,2025-08-10,15.6,9.17,0.539,NaN,406204.47,57039.21
SW,34.408043,-119.68485,2025-08-11T15:28:00Z,2025-08-11,17.4,1.227,0,NaN,290,0
SMP,34.008,-118.499,2025-08-11T19:00:00Z,2025-08-11,21.8,1.02,0,NaN,0,0
SIO,32.867,-117.257,2025-08-11T19:40:00Z,2025-08-11,22.6,1.19,0,NaN,2504,626
NP,33.6061,-117.9311,2025-08-12T17:30:00Z,2025-08-12,20,0.82,0,NaN,5198,0
HAB_MWII,36.603683,-121.889275,2025-08-13T14:33:00Z,2025-08-13,15.4,NaN,NaN,NaN,413200,57500
HAB_SCW,36.958,-122.017,2025-08-13T15:45:00Z,2025-08-13,15.7,9.07,0.719914,NaN,NaN,5100
SW,34.408043,-119.68485,2025-08-18T15:25:00Z,2025-08-18,19,1.193,0,NaN,0,0
CPP,35.170204,-120.740685,2025-08-18T16:20:00Z,2025-08-18,15.6,14,0.707,NaN,930751.94,33583.832
SMP,34.008,-118.499,2025-08-18T19:00:00Z,2025-08-18,22,2.05,0,NaN,0,0
SIO,32.867,-117.257,2025-08-18T19:25:00Z,2025-08-18,22.3,1.1,0,NaN,10013,0
HAB_MWII,36.603683,-121.889275,2025-08-20T14:35:00Z,2025-08-20,16,NaN,NaN,NaN,73400,28300
HAB_SCW,36.958,-122.017,2025-08-20T15:30:00Z,2025-08-20,17.1,5.48,0.314688,NaN,NaN,0
SW,34.408043,-119.68485,2025-08-25T15:17:00Z,2025-08-25,19.6,1.15,0,NaN,0,0
NP,33.6061,-117.9311,2025-08-25T17:30:00Z,2025-08-25,23,0.83,0,NaN,0,0
SIO,32.867,-117.257,2025-08-25T19:03:00Z,2025-08-25,23,1.86,0,NaN,11890,0
SMP,34.008,-118.499,2025-08-25T21:00:00Z,2025-08-25,23.8,1.74,0,NaN,0,1122
CPP,35.170204,-120.740685,2025-08-26T13:30:00Z,2025-08-26,16.8,12.67,0,NaN,1066.1534,0
HAB_MWII,36.603683,-121.889275,2025-08-27T14:36:00Z,2025-08-27,14,NaN,NaN,NaN,17900,27100
HAB_SCW,36.958,-122.017,2025-08-27T16:00:00Z,2025-08-27,15.4,5.7,0.18004,NaN,NaN,0
SW,34.408043,-119.68485,2025-09-01T15:30:00Z,2025-09-01,20.4,0.759,0,NaN,0,0
CPP,35.170204,-120.740685,2025-09-01T16:15:00Z,2025-09-01,18.7,4.21,0,NaN,71965.36,0
SMP,34.008,-118.499,2025-09-01T21:00:00Z,2025-09-01,23.5,1.59,0,NaN,0,0
SIO,32.867,-117.257,2025-09-02T18:32:00Z,2025-09-02,23.1,1.39,0,NaN,13768,0
HAB_MWII,36.603683,-121.889275,2025-09-03T14:20:00Z,2025-09-03,15,NaN,NaN,NaN,NaN,NaN
HAB_SCW,36.958,-122.017,2025-09-03T15:30:00Z,2025-09-03,16.8,4.98,0,NaN,NaN,0
SW,34.408043,-119.68485,2025-09-08T15:25:00Z,2025-09-08,20.5,0.467,0,NaN,0,0
CPP,35.170204,-120.740685,2025-09-08T16:12:00Z,2025-09-08,17.6,12.69,0,NaN,13859.995,0
SIO,32.867,-117.257,2025-09-08T18:52:00Z,2025-09-08,23.4,0.94,0,NaN,3129,6884
SMP,34.008,-118.499,2025-09-08T21:00:00Z,2025-09-08,23.5,1.09,0,NaN,1122,374
NP,33.6061,-117.9311,2025-09-09T16:00:00Z,2025-09-09,19,1.37,0,NaN,0,0
HAB_MWII,36.603683,-121.889275,2025-09-10T14:40:00Z,2025-09-10,16.8,NaN,NaN,NaN,NaN,NaN
HAB_SCW,36.958,-122.017,2025-09-10T15:15:00Z,2025-09-10,16.2,9.78,0,NaN,NaN,0
SW,34.408043,-119.68485,2025-09-15T15:18:00Z,2025-09-15,19.9,0.56,0,NaN,0,0
CPP,35.170204,-120.740685,2025-09-15T16:27:00Z,2025-09-15,16.8,8.8,0,NaN,12793.842,1066.1534
NP,33.6061,-117.9311,2025-09-15T17:00:00Z,2025-09-15,21,2.12,0,NaN,0,0
SIO,32.867,-117.257,2025-09-15T18:06:00Z,2025-09-15,21.5,0.62,0,NaN,3755,6258
SMP,34.008,-118.499,2025-09-15T22:00:00Z,2025-09-15,23,2.05,0,NaN,0,0
HAB_MWII,36.603683,-121.889275,2025-09-17T14:45:00Z,2025-09-17,17.5,NaN,NaN,NaN,NaN,NaN
HAB_SCW,36.958,-122.017,2025-09-17T16:00:00Z,2025-09-17,17.1,9.69,0,NaN,NaN,0
CPP,35.170204,-120.740685,2025-09-21T16:34:00Z,2025-09-21,17.1,7.33,0,NaN,4264.614,0
NP,33.6061,-117.9311,2025-09-22T17:00:00Z,2025-09-22,19,3.47,NaN,NaN,5198,0
SW,34.408043,-119.68485,2025-09-22T17:04:00Z,2025-09-22,20.1,1.071,0,NaN,0,0
SIO,32.867,-117.257,2025-09-22T19:16:00Z,2025-09-22,16.9,1.53,0,NaN,15019,3755
SMP,34.008,-118.499,2025-09-22T21:00:00Z,2025-09-22,23,1.5,0,NaN,0,0
HAB_SCW,36.958,-122.017,2025-09-24T15:30:00Z,2025-09-24,16.8,10.43,0,NaN,NaN,0
HAB_MWII,36.603683,-121.889275,2025-09-24T18:38:00Z,2025-09-24,17,NaN,NaN,NaN,NaN,NaN
CPP,35.170204,-120.740685,2025-09-28T16:58:00Z,2025-09-28,16.8,54.48,0,NaN,0,0
SW,34.408043,-119.68485,2025-09-29T15:14:00Z,2025-09-29,19.1,1.302,0,NaN,0,0
NP,33.6061,-117.9311,2025-09-29T17:00:00Z,2025-09-29,19,1.55,NaN,NaN,0,5198
SIO,32.867,-117.257,2025-09-29T19:08:00Z,2025-09-29,19.7,1.32,0,NaN,0,1252
SMP,34.008,-118.499,2025-09-29T21:00:00Z,2025-09-29,21,1.57,0,NaN,0,0
HAB_MWII,36.603683,-121.889275,2025-10-01T14:22:00Z,2025-10-01,17,NaN,NaN,NaN,NaN,NaN
HAB_SCW,36.958,-122.017,2025-10-01T16:00:00Z,2025-10-01,17.3,10.48,0,NaN,NaN,0
CPP,35.170204,-120.740685,2025-10-05T16:34:00Z,2025-10-05,16.3,11.8,0,NaN,3198.4604,0
SW,34.408043,-119.68485,2025-10-06T15:40:00Z,2025-10-06,19.5,0.959,0,NaN,0,0
NP,33.6061,-117.9311,2025-10-06T17:00:00Z,2025-10-06,18.8,0.57,NaN,NaN,NaN,NaN
SIO,32.867,-117.257,2025-10-06T19:03:00Z,2025-10-06,19.8,2.12,0,NaN,3129,0
SMP,34.008,-118.499,2025-10-06T21:00:00Z,2025-10-06,21,1.94,0,NaN,0,0
HAB_MWII,36.603683,-121.889275,2025-10-08T15:03:00Z,2025-10-08,15.5,NaN,NaN,NaN,NaN,NaN
HAB_SCW,36.958,-122.017,2025-10-08T15:30:00Z,2025-10-08,17.2,1.41,0,NaN,NaN,0
CPP,35.170204,-120.740685,2025-10-12T15:57:00Z,2025-10-12,14,2.75,0,NaN,5330.767,0
SW,34.408043,-119.68485,2025-10-13T15:17:00Z,2025-10-13,18.5,1.302,NaN,NaN,0,1160
NP,33.6061,-117.9311,2025-10-13T17:00:00Z,2025-10-13,17.5,1.64,NaN,NaN,NaN,NaN
SIO,32.867,-117.257,2025-10-13T19:32:00Z,2025-10-13,16.8,2.32,0,NaN,3129,5632
SMP,34.008,-118.499,2025-10-13T22:00:00Z,2025-10-13,19,2.57,NaN,NaN,0,0
HAB_MWII,36.603683,-121.889275,2025-10-15T14:51:00Z,2025-10-15,15.8,NaN,NaN,NaN,NaN,NaN
HAB_SCW,36.958,-122.017,2025-10-15T15:30:00Z,2025-10-15,15.7,2.83,0.071,NaN,NaN,0
CPP,35.170204,-120.740685,2025-10-19T16:10:00Z,2025-10-19,14.1,6.98,0,NaN,73031.51,5330.767
SW,34.408043,-119.68485,2025-10-20T15:09:00Z,2025-10-20,18.1,0.831,NaN,NaN,1300,1010
SMP,34.008,-118.499,2025-10-20T21:00:00Z,2025-10-20,20.5,1.36,NaN,NaN,1496,0
SIO,32.867,-117.257,2025-10-20T21:21:00Z,2025-10-20,18.5,0.97,0,NaN,6258,8761
HAB_SCW,36.958,-122.017,2025-10-22T15:30:00Z,2025-10-22,15.2,2.7,0.0014,NaN,NaN,0
HAB_MWII,36.603683,-121.889275,2025-10-22T16:17:00Z,2025-10-22,15.1,NaN,NaN,NaN,NaN,NaN
CPP,35.170204,-120.740685,2025-10-26T16:27:00Z,2025-10-26,14.7,2.83,0,NaN,3731.537,0
SW,34.408043,-119.68485,2025-10-27T15:15:00Z,2025-10-27,17.6,0.332,NaN,NaN,0,1740
NP,33.6061,-117.9311,2025-10-27T17:00:00Z,2025-10-27,17.3,2.33,NaN,NaN,NaN,NaN
SIO,32.867,-117.257,2025-10-27T19:14:00Z,2025-10-27,18.6,2.49,0,NaN,8135,0
SMP,34.008,-118.499,2025-10-27T21:00:00Z,2025-10-27,18.5,0.73,NaN,NaN,0,748
HAB_SCW,36.958,-122.017,2025-10-29T15:30:00Z,2025-10-29,14.7,1.43,0.0022,NaN,NaN,0
HAB_MWII,36.603683,-121.889275,2025-10-29T17:00:00Z,2025-10-29,16,NaN,NaN,NaN,NaN,NaN
CPP,35.170204,-120.740685,2025-11-02T17:35:00Z,2025-11-02,14.6,6.7,0,NaN,18124.61,5330.767
SW,34.408043,-119.68485,2025-11-03T16:19:00Z,2025-11-03,17.2,1.235,NaN,NaN,2610,0
NP,33.6061,-117.9311,2025-11-03T18:00:00Z,2025-11-03,17.5,1.02,0,NaN,0,0
SIO,32.867,-117.257,2025-11-03T20:11:00Z,2025-11-03,20,1.39,0,NaN,2503,0
SMP,34.008,-118.499,2025-11-03T21:00:00Z,2025-11-03,19,1.37,NaN,NaN,0,748
HAB_MWII,36.603683,-121.889275,2025-11-05T15:35:00Z,2025-11-05,12.8,NaN,NaN,NaN,NaN,NaN
HAB_SCW,36.958,-122.017,2025-11-05T16:00:00Z,2025-11-05,14.7,2.59,5.96E-04,NaN,NaN,400
CPP,35.170204,-120.740685,2025-11-09T17:37:00Z,2025-11-09,15,2.96,0,NaN,0,4264.614
SW,34.408043,-119.68485,2025-11-10T16:12:00Z,2025-11-10,17.8,0.51,NaN,NaN,0,0
NP,33.6061,-117.9311,2025-11-10T18:00:00Z,2025-11-10,17,1.53,0,NaN,0,2599
SIO,32.867,-117.257,2025-11-10T19:52:00Z,2025-11-10,19,2.96,0,NaN,3129,626
SMP,34.008,-118.499,2025-11-10T21:00:00Z,2025-11-10,18.5,0.89,NaN,NaN,0,0
HAB_SCW,36.958,-122.017,2025-11-12T16:00:00Z,2025-11-12,14.5,5.25,6.38E-04,NaN,NaN,0
HAB_MWII,36.603683,-121.889275,2025-11-12T16:26:00Z,2025-11-12,14,NaN,NaN,NaN,NaN,NaN
CPP,35.170204,-120.740685,2025-11-16T18:12:00Z,2025-11-16,15.1,16,0,NaN,3198.4604,0
SW,34.408043,-119.68485,2025-11-17T16:15:00Z,2025-11-17,17.1,6.065,NaN,NaN,0,0
SMP,34.008,-118.499,2025-11-17T18:00:00Z,2025-11-17,18,0.27,NaN,NaN,0,0
NP,33.6061,-117.9311,2025-11-17T18:00:00Z,2025-11-17,17.5,0.88,0,NaN,0,0
SIO,32.867,-117.257,2025-11-17T20:01:00Z,2025-11-17,18.9,0.85,0,NaN,0,0
HAB_MWII,36.603683,-121.889275,2025-11-19T16:25:00Z,2025-11-19,14,NaN,NaN,NaN,NaN,NaN
HAB_SCW,36.958,-122.017,2025-11-19T16:30:00Z,2025-11-19,13.9,1.14,8.93E-04,NaN,NaN,0
CPP,35.170204,-120.740685,2025-11-23T16:30:00Z,2025-11-23,14.5,1.9,0,NaN,1066.1534,0
SW,34.408043,-119.68485,2025-11-24T14:38:00Z,2025-11-24,16.8,NaN,NaN,NaN,0,0
NP,33.6061,-117.9311,2025-11-24T18:00:00Z,2025-11-24,16.5,1.6,0,NaN,0,0
SIO,32.867,-117.257,2025-11-24T20:01:00Z,2025-11-24,17.5,1.03,0,NaN,NaN,NaN
SMP,34.008,-118.499,2025-11-24T21:00:00Z,2025-11-24,18,0.23,NaN,NaN,0,374
HAB_SCW,36.958,-122.017,2025-11-26T16:30:00Z,2025-11-26,13.5,1.37,0,NaN,NaN,0
CPP,35.170204,-120.740685,2025-11-30T17:00:00Z,2025-11-30,15.3,3.27,0,NaN,11194.611,9062.305
SW,34.408043,-119.68485,2025-12-01T16:16:00Z,2025-12-01,16.2,NaN,NaN,NaN,0,0
NP,33.6061,-117.9311,2025-12-01T18:00:00Z,2025-12-01,17,2.47,0,NaN,0,0
SIO,32.867,-117.257,2025-12-01T20:49:00Z,2025-12-01,17.9,0.83,0,NaN,272,0
SMP,34.008,-118.499,2025-12-01T21:00:00Z,2025-12-01,18,0.43,NaN,NaN,0,0
HAB_SCW,36.958,-122.017,2025-12-03T16:00:00Z,2025-12-03,13.4,0.94,0,NaN,NaN,0
HAB_MWII,36.603683,-121.889275,2025-12-03T16:20:00Z,2025-12-03,13.2,NaN,NaN,NaN,NaN,NaN
SW,34.408043,-119.68485,2025-12-08T15:19:00Z,2025-12-08,16.9,NaN,NaN,NaN,0,580
CPP,35.170204,-120.740685,2025-12-08T17:17:00Z,2025-12-08,15.2,2.15,0,NaN,3198.4604,0
NP,33.6061,-117.9311,2025-12-08T18:00:00Z,2025-12-08,16.5,0.67,0,NaN,NaN,NaN
SIO,32.867,-117.257,2025-12-08T20:17:00Z,2025-12-08,17.8,1.04,0,NaN,0,0
SMP,34.008,-118.499,2025-12-08T21:00:00Z,2025-12-08,17.4,0.62,NaN,NaN,0,0
HAB_MWII,36.603683,-121.889275,2025-12-10T16:20:00Z,2025-12-10,13.2,NaN,NaN,NaN,NaN,NaN
HAB_SCW,36.958,-122.017,2025-12-10T16:30:00Z,2025-12-10,13.3,0.99,NaN,NaN,NaN,1250
SW,34.408043,-119.68485,2025-12-15T16:19:00Z,2025-12-15,17,NaN,NaN,NaN,0,0
CPP,35.170204,-120.740685,2025-12-15T17:30:00Z,2025-12-15,15.5,6.1,NaN,NaN,1066.1534,6929.9976
NP,33.6061,-117.9311,2025-12-15T18:00:00Z,2025-12-15,16,1.19,NaN,NaN,NaN,NaN
SIO,32.867,-117.257,2025-12-15T20:06:00Z,2025-12-15,16.9,1.6,NaN,NaN,2461,821
SMP,34.008,-118.499,2025-12-15T21:00:00Z,2025-12-15,19,0.33,NaN,NaN,0,0
HAB_MWII,36.603683,-121.889275,2025-12-17T16:03:00Z,2025-12-17,15,NaN,NaN,NaN,NaN,NaN
CPP,35.170204,-120.740685,2025-12-22T15:20:00Z,2025-12-22,15.2,4.75,NaN,NaN,27186.912,7463.074
SIO,32.867,-117.257,2025-12-22T20:24:00Z,2025-12-22,17.2,1.33,NaN,NaN,NaN,NaN
SMP,34.008,-118.499,2025-12-26T21:00:00Z,2025-12-26,16.8,0.5,NaN,NaN,0,1246.6666
CPP,35.170204,-120.740685,2025-12-28T16:30:00Z,2025-12-28,13.2,1.29,NaN,NaN,0,0
SMP,34.008,-118.499,2025-12-29T19:00:00Z,2025-12-29,16.7,0.24,NaN,NaN,0,374
SIO,32.867,-117.257,2025-12-29T20:14:00Z,2025-12-29,17.2,1.07,NaN,NaN,NaN,NaN
HAB_MWII,36.603683,-121.889275,2025-12-30T16:44:00Z,2025-12-30,14,NaN,NaN,NaN,NaN,NaN
CPP,35.170204,-120.740685,2026-01-04T16:30:00Z,2026-01-04,15.3,2.56,NaN,NaN,0,0
NP,33.6061,-117.9311,2026-01-05T18:00:00Z,2026-01-05,16,0.8,NaN,NaN,NaN,NaN
SMP,34.008,-118.499,2026-01-05T19:00:00Z,2026-01-05,17.2,0.83,NaN,NaN,0,0
SIO,32.867,-117.257,2026-01-05T20:18:00Z,2026-01-05,17.2,2.13,NaN,NaN,6258,1252
HAB_MWII,36.603683,-121.889275,2026-01-07T16:47:00Z,2026-01-07,14.2,NaN,NaN,NaN,NaN,NaN
CPP,35.170204,-120.740685,2026-01-11T17:13:00Z,2026-01-11,13.1,0.36,NaN,NaN,0,0
SMP,34.008,-118.499,2026-01-12T19:00:00Z,2026-01-12,17,0.84,NaN,NaN,1496,0
SIO,32.867,-117.257,2026-01-12T20:33:00Z,2026-01-12,16.9,NaN,NaN,NaN,NaN,NaN
HAB_MWII,36.603683,-121.889275,2026-01-14T16:50:00Z,2026-01-14,13.5,NaN,NaN,NaN,NaN,NaN
CPP,35.170204,-120.740685,2026-01-19T17:43:00Z,2026-01-19,14.6,3.1,NaN,NaN,38381.523,2132.307
SMP,34.008,-118.499,2026-01-19T21:00:00Z,2026-01-19,17,NaN,NaN,NaN,2618,0
HAB_MWII,36.603683,-121.889275,2026-01-21T17:41:00Z,,13.8,NaN,NaN,NaN,NaN,NaN